副本名稱,來源,掉落分類,掉落物名稱
黑龍教藏身處,副本掉落,材料,靈石精髓
黑龍教藏身處,副本掉落,材料,月石精髓
黑龍教藏身處,副本掉落,材料,靈丹精髓
黑龍教藏身處,副本掉落,材料,仙丹精髓
黑龍教藏身處,副本掉落,材料,洪門水結晶
黑龍教藏身處,副本掉落,材料,守護水結晶
黑龍教藏身處,副本掉落,材料,洪門結晶體
黑龍教藏身處,副本掉落,裝備,洪門五角紅玉
黑龍教藏身處,副本掉落,裝備,洪門五角黃玉
黑龍教藏身處,每日任務,任務獎勵,神獸碎片
黑龍教藏身處,每日任務,任務獎勵,神秘水
黑龍教藏身處,每日任務,任務獎勵,洪門寶石結晶
黑龍教藏身處,每日任務,任務獎勵,神功石
雪獸洞窟,副本掉落,材料,靈石精髓
雪獸洞窟,副本掉落,材料,月石精髓
雪獸洞窟,副本掉落,材料,靈丹精髓
雪獸洞窟,副本掉落,材料,仙丹精髓
雪獸洞窟,副本掉落,材料,泰天珠
雪獸洞窟,副本掉落,材料,神獸碎片
雪獸洞窟,副本掉落,材料,洪門結晶體
雪獸洞窟,副本掉落,裝備,洪門五角藍玉
雪獸洞窟,副本掉落,裝備,洪門五角青玉
雪獸洞窟,每日任務,任務獎勵,神獸碎片
雪獸洞窟,每日任務,任務獎勵,神秘水
雪獸洞窟,每日任務,任務獎勵,洪門寶石結晶
雪獸洞窟,每日任務,任務獎勵,神功石
三天王洞,副本掉落,材料,靈石精髓
三天王洞,副本掉落,材料,月石精髓
三天王洞,副本掉落,材料,靈丹精髓
三天王洞,副本掉落,材料,仙丹精髓
三天王洞,副本掉落,材料,上乘寶玉
三天王洞,副本掉落,材料,上乘武魂
三天王洞,副本掉落,材料,洪門結晶體
三天王洞,副本掉落,裝備,洪門五角翡翠
三天王洞,副本掉落,裝備,洪門五角綠柱
三天王洞,每日任務,任務獎勵,神獸碎片
三天王洞,每日任務,任務獎勵,神秘水
三天王洞,每日任務,任務獎勵,洪門寶石結晶
三天王洞,每日任務,任務獎勵,神功石
雪女洞,副本掉落,材料,靈石精髓
雪女洞,副本掉落,材料,月石精髓
雪女洞,副本掉落,材料,靈丹精髓
雪女洞,副本掉落,材料,仙丹精髓
雪女洞,副本掉落,材料,進化石
雪女洞,副本掉落,材料,神功石
雪女洞,副本掉落,材料,洪門結晶體
雪女洞,副本掉落,裝備,洪門五角金剛
雪女洞,副本掉落,裝備,洪門五角紫玉
雪女洞,每日任務,任務獎勵,神獸碎片
雪女洞,每日任務,任務獎勵,神秘水
雪女洞,每日任務,任務獎勵,洪門寶石結晶
雪女洞,每日任務,任務獎勵,神功石
血浪沙灣,副本掉落,材料,靈石精髓
血浪沙灣,副本掉落,材料,月石精髓
血浪沙灣,副本掉落,材料,靈丹精髓
血浪沙灣,副本掉落,材料,仙丹精髓
血浪沙灣,副本掉落,材料,神秘水
血浪沙灣,副本掉落,材料,水月平原錢袋
血浪沙灣,副本掉落,材料,神功石
血浪沙灣,副本掉落,材料,神獸碎片
血浪沙灣,副本掉落,材料,漆黑的寶物箱子
血浪沙灣,副本掉落,材料,上乘寶玉
血浪沙灣,副本掉落,材料,洪門水結晶
血浪沙灣,副本掉落,材料,守護水結晶
血浪沙灣,副本掉落,材料,5金~100金
血浪沙灣,副本掉落,裝備,魂天
血浪沙灣,副本掉落,裝備,聖天腰帶1段
血浪沙灣,副本掉落,裝備,帝王
血浪沙灣,副本掉落,裝備,泰星手套1段
血浪沙灣,副本掉落,裝備,震天
血浪沙灣,副本掉落,裝備,極天戒指1段
血浪沙灣,副本掉落,裝備,特別的雪峰元氣石箱子
血浪沙灣,每日任務,任務獎勵,高階進化石
血浪沙灣,每日任務,任務獎勵,洪門結晶體
血浪沙灣,每日任務,任務獎勵,七角守護寶石盒
血浪沙灣,每日任務,任務獎勵,名匠合成木片
雷獄,副本掉落,材料,靈石精髓
雷獄,副本掉落,材料,月石精髓
雷獄,副本掉落,材料,靈丹精髓
雷獄,副本掉落,材料,仙丹精髓
雷獄,副本掉落,材料,昊天碎片
雷獄,副本掉落,材料,惡泰珠
雷獄,副本掉落,裝備,蒼極
雷獄,副本掉落,裝備,天極耳環1段
雷獄,副本掉落,裝備,霸氣
雷獄,副本掉落,裝備,天幾項鍊1段
雷獄,每日任務,任務獎勵,上乘武魂
雷獄,每日任務,任務獎勵,天元水
雷獄,每日任務,任務獎勵,炙熱的洪門神功經驗符
雷獄,每日任務,任務獎勵,守護水結晶
復活祭壇,副本掉落,材料,白蛇鱗碎片
復活祭壇,副本掉落,材料,靈丹
復活祭壇,副本掉落,材料,月石
復活祭壇,副本掉落,材料,仙丹
復活祭壇,副本掉落,材料,洪門刻印書x1
復活祭壇,副本掉落,材料,白蛇鱗1~2
復活祭壇,副本掉落,裝備,峽谷手套（祭品）
復活祭壇,副本掉落,裝備,黑風八卦牌1號
復活祭壇,副本掉落,裝備,黑風八卦牌2號
復活祭壇,副本掉落,裝備,黑風八卦牌3號
復活祭壇,每日任務,任務獎勵,白蛇鱗
復活祭壇,每日任務,任務獎勵,守護水
復活祭壇,每日任務,任務獎勵,上乘寶玉
復活祭壇,每日任務,任務獎勵,上乘武魂
雪人洞,副本掉落,材料,靈石
雪人洞,副本掉落,材料,靈丹
雪人洞,副本掉落,材料,月石
雪人洞,副本掉落,材料,仙丹
雪人洞,副本掉落,材料,洪門刻印書x1
雪人洞,副本掉落,材料,雪魂珠x1
雪人洞,副本掉落,材料,真王的大精氣（武器傳授）
雪人洞,副本掉落,材料,洪門水結晶
雪人洞,副本掉落,材料,守護水結晶
雪人洞,副本掉落,材料,上乘寶玉
雪人洞,副本掉落,材料,珍貴漆黑寶物箱
雪人洞,副本掉落,材料,真王的大精氣
雪人洞,副本掉落,材料,洪門刻印書x5
雪人洞,副本掉落,裝備,峽谷腰帶（祭品）
雪人洞,副本掉落,裝備,黑風八卦牌4號
雪人洞,副本掉落,裝備,黑風八卦牌5號
雪人洞,副本掉落,裝備,黑風八卦牌6號
雪人洞,每日任務,任務獎勵,上乘寶玉
雪人洞,每日任務,任務獎勵,上乘武魂
雪人洞,每日任務,任務獎勵,炙熱的洪門神功經驗符
雪人洞,每日任務,任務獎勵,洪門水結晶
鬼門關的噩夢,副本掉落,材料,靈石精髓
鬼門關的噩夢,副本掉落,材料,月石精髓
鬼門關的噩夢,副本掉落,材料,靈丹精髓
鬼門關的噩夢,副本掉落,材料,仙丹精髓
鬼門關的噩夢,副本掉落,材料,上乘寶玉
鬼門關的噩夢,副本掉落,材料,上乘武魂
鬼門關的噩夢,副本掉落,材料,炙熱的洪門神功經驗符
鬼門關的噩夢,副本掉落,材料,洪門水結晶
鬼門關的噩夢,副本掉落,材料,洪門結晶體
鬼門關的噩夢,副本掉落,材料,光明的大精氣（魂傳授）
鬼門關的噩夢,副本掉落,裝備,根之手鐲（祭品）
鬼門關的噩夢,副本掉落,裝備,黑風八卦牌7號
鬼門關的噩夢,副本掉落,裝備,黑風八卦牌8號
鬼門關的噩夢,每日任務,任務獎勵,上乘寶玉
鬼門關的噩夢,每日任務,任務獎勵,上乘武魂
鬼門關的噩夢,每日任務,任務獎勵,炙熱的洪門神功經驗符
鬼門關的噩夢,每日任務,任務獎勵,洪門結晶體
懸浮祭壇,副本掉落,材料,昊天碎片
懸浮祭壇,副本掉落,材料,惡泰珠
懸浮祭壇,副本掉落,材料,黑風鋼
懸浮祭壇,副本掉落,材料,洪門結晶體
懸浮祭壇,副本掉落,材料,耀眼的光石箱
懸浮祭壇,副本掉落,材料,七角黑曜玉
懸浮祭壇,副本掉落,材料,特別雪峰元氣石箱子
懸浮祭壇,副本掉落,裝備,黑風魔女之默示
懸浮祭壇,副本掉落,裝備,黑風魔女之巖刻
懸浮祭壇,副本掉落,裝備,三星寶石盒
懸浮祭壇,副本掉落,裝備,崑崙秘功牌箱（可轉換）
懸浮祭壇,副本掉落,裝備,魔女之輪煥彩石
懸浮祭壇,每日任務,任務獎勵,黑風鋼
懸浮祭壇,每日任務,任務獎勵,天元水
懸浮祭壇,每日任務,任務獎勵,無光寶物箱
懸浮祭壇,每日任務,任務獎勵,泰天鋼
懸浮祭壇,斬首任務,任務獎勵,黑風鋼
懸浮祭壇,斬首任務,任務獎勵,洪門結晶體
懸浮祭壇,斬首任務,任務獎勵,天元水
懸浮祭壇,斬首任務,任務獎勵,熾熱的洪門刻印
冰庫,副本掉落,材料,昊天碎片
冰庫,副本掉落,材料,寒氣珠
冰庫,副本掉落,材料,惡泰珠
冰庫,副本掉落,材料,洪門結晶體
冰庫,副本掉落,材料,雪魂珠
冰庫,副本掉落,材料,泰天鋼
冰庫,副本掉落,材料,青牙鱗
冰庫,副本掉落,材料,泰天珠
冰庫,副本掉落,裝備,三星寶石盒
冰庫,副本掉落,裝備,七角石榴玉
冰庫,副本掉落,裝備,耀眼的輝石箱
冰庫,每日任務,任務獎勵,青牙鱗
冰庫,每日任務,任務獎勵,天元水
冰庫,每日任務,任務獎勵,無光寶物箱
冰庫,每日任務,任務獎勵,泰天鋼
冰庫,斬首任務,任務獎勵,青牙鱗
冰庫,斬首任務,任務獎勵,洪門結晶體
冰庫,斬首任務,任務獎勵,天元水
冰庫,斬首任務,任務獎勵,熾熱的洪門刻印
悲嘆的雪域宮,副本掉落,材料,上乘寶玉
悲嘆的雪域宮,副本掉落,材料,上乘武魂
悲嘆的雪域宮,副本掉落,材料,珍貴漆黑寶物箱
悲嘆的雪域宮,副本掉落,材料,熾熱的洪門神功經驗符
悲嘆的雪域宮,副本掉落,材料,洪門結晶體
悲嘆的雪域宮,副本掉落,材料,守護水結晶
悲嘆的雪域宮,副本掉落,材料,洪門水結晶
悲嘆的雪域宮,副本掉落,裝備,燭魔戒指鬥志箱
悲嘆的雪域宮,副本掉落,裝備,燭魔戒指鬥魂箱
悲嘆的雪域宮,副本掉落,裝備,燭魔戒指鬥爭箱
悲嘆的雪域宮,副本掉落,裝備,耀眼的洪門刻印書
悲嘆的雪域宮,副本掉落,裝備,燭魔之靈
悲嘆的雪域宮,副本掉落,裝備,初啟真氣石
悲嘆的雪域宮,副本掉落,裝備,雪花結晶幻影秘笈x1
悲嘆的雪域宮,每日任務,任務獎勵,泰天珠
悲嘆的雪域宮,每日任務,任務獎勵,洪門結晶體
悲嘆的雪域宮,每日任務,任務獎勵,神秘水
悲嘆的雪域宮,每日任務,任務獎勵,靈丹精髓
隱秘的幻魔聖地,副本掉落,材料,上乘寶玉
隱秘的幻魔聖地,副本掉落,材料,昊天碎片
隱秘的幻魔聖地,副本掉落,材料,白蛇鱗碎片
隱秘的幻魔聖地,副本掉落,材料,青牙鱗碎片
隱秘的幻魔聖地,副本掉落,裝備,殘缺的天陽手鐲
隱秘的幻魔聖地,副本掉落,裝備,殘缺的天地手鐲
隱秘的幻魔聖地,副本掉落,裝備,殘缺的天崑手鐲
隱秘的幻魔聖地,副本掉落,裝備,無限神功牌箱
隱秘的幻魔聖地,副本掉落,裝備,火龍的精氣（八卦傳授）
隱秘的幻魔聖地,副本掉落,裝備,炎天的精氣（八卦傳授）
隱秘的幻魔聖地,每日任務,任務獎勵,洪門水結晶
隱秘的幻魔聖地,每日任務,任務獎勵,守護水結晶
隱秘的幻魔聖地,每日任務,任務獎勵,神秘水
隱秘的幻魔聖地,每日任務,任務獎勵,天元水
激戰之黑森林,副本掉落,材料,上乘寶玉
激戰之黑森林,副本掉落,材料,泰天珠
激戰之黑森林,副本掉落,材料,虛空碎片
激戰之黑森林,副本掉落,材料,霸王碎片
激戰之黑森林,副本掉落,裝備,六角黑曜石（功力）
激戰之黑森林,副本掉落,裝備,六角黑曜石（異常傷害）
激戰之黑森林,副本掉落,裝備,鎮雲的精氣（守護石傳授）
激戰之黑森林,副本掉落,裝備,無學神功牌
激戰之黑森林,副本掉落,裝備,攝舞腰帶（祭品）
激戰之黑森林,每日任務,任務獎勵,洪門水結晶
激戰之黑森林,每日任務,任務獎勵,守護水結晶
激戰之黑森林,每日任務,任務獎勵,黑風鋼
激戰之黑森林,每日任務,任務獎勵,洪門結晶體
被侵蝕的黑羌族部落,副本掉落,材料,金幣
被侵蝕的黑羌族部落,每日任務,任務獎勵,洪門水結晶
被侵蝕的黑羌族部落,每日任務,任務獎勵,守護水結晶
被侵蝕的黑羌族部落,每日任務,任務獎勵,洪門結晶體
被侵蝕的黑羌族部落,每日任務,任務獎勵,上乘寶玉
被侵蝕的黑羌族部落,斬首任務,任務獎勵,200金（500金幣）
被侵蝕的黑羌族部落,斬首任務,任務獎勵,熾熱的洪門神功經驗符
衝角平南艦隊,副本掉落,材料,惡泰珠
衝角平南艦隊,副本掉落,材料,進化石
衝角平南艦隊,副本掉落,材料,洪門結晶體
衝角平南艦隊,副本掉落,材料,天元水
衝角平南艦隊,副本掉落,材料,邪花草
衝角平南艦隊,副本掉落,材料,泰天翅膀
衝角平南艦隊,副本掉落,裝備,泰天戒指的精氣
衝角平南艦隊,副本掉落,裝備,泰天耳環的精氣
衝角平南艦隊,副本掉落,裝備,邪花項鍊的精氣
衝角平南艦隊,副本掉落,裝備,邪花八卦牌箱2號
衝角平南艦隊,副本掉落,裝備,熾熱的天光石箱
衝角平南艦隊,副本掉落,裝備,熾熱的地光石箱
衝角平南艦隊,副本掉落,裝備,熾熱的人光石箱
衝角平南艦隊,副本掉落,裝備,邪花秘功牌
衝角平南艦隊,每日任務,任務獎勵,泰天鋼
衝角平南艦隊,每日任務,任務獎勵,邪花鋼
衝角平南艦隊,每日任務,任務獎勵,雪峰珠
衝角平南艦隊,每日任務,任務獎勵,熾熱的洪門刻印書
分裂迷宮,副本掉落,材料,洪門水結晶
分裂迷宮,副本掉落,材料,守護水結晶
分裂迷宮,副本掉落,材料,邪花草
分裂迷宮,副本掉落,材料,泰天翅膀
分裂迷宮,副本掉落,材料,白蛇鱗
分裂迷宮,副本掉落,材料,青牙鱗
分裂迷宮,副本掉落,材料,洪門結晶體
分裂迷宮,副本掉落,材料,天元水
分裂迷宮,副本掉落,材料,洪門點數符
分裂迷宮,副本掉落,材料,金幣
分裂迷宮,副本掉落,裝備,守護三星黑曜玉
分裂迷宮,副本掉落,裝備,守護三星石榴玉
分裂迷宮,副本掉落,裝備,咒蛸門手鐲(祭品)
分裂迷宮,副本掉落,裝備,邪花八卦牌箱4號
分裂迷宮,每日任務,任務獎勵,泰天鋼
分裂迷宮,每日任務,任務獎勵,邪花鋼
分裂迷宮,每日任務,任務獎勵,雪峰珠
分裂迷宮,每日任務,任務獎勵,熾熱的洪門刻印書
白青派本山,副本掉落,材料,守護水結晶
白青派本山,副本掉落,材料,洪門水結晶
白青派本山,副本掉落,材料,洪門結晶體
白青派本山,副本掉落,材料,天元水
白青派本山,副本掉落,材料,泰天珠
白青派本山,副本掉落,材料,神獸碎片
白青派本山,副本掉落,材料,惡泰珠
白青派本山,副本掉落,材料,進化石
白青派本山,副本掉落,材料,洪門點數符
白青派本山,副本掉落,材料,邪花草
白青派本山,副本掉落,材料,泰天翅膀
白青派本山,副本掉落,裝備,守護三星黃剛玉
白青派本山,副本掉落,裝備,守護三星綠柱玉
白青派本山,副本掉落,裝備,守護三星青剛玉
白青派本山,副本掉落,裝備,邪花八卦牌箱5號
白青派本山,副本掉落,裝備,懸浮祭壇初始化石板
白青派本山,副本掉落,裝備,冰庫初始化石板
刀鬼獄,副本掉落,材料,泰天珠
刀鬼獄,副本掉落,材料,惡泰珠
刀鬼獄,副本掉落,材料,天元水
刀鬼獄,副本掉落,材料,洪門結晶體
刀鬼獄,副本掉落,材料,天賦解放石
刀鬼獄,副本掉落,材料,邪花草
刀鬼獄,副本掉落,材料,泰天翅膀
刀鬼獄,副本掉落,材料,洪門點數符
刀鬼獄,副本掉落,裝備,戎鐵拳的精氣（手鐲傳授）
刀鬼獄,副本掉落,裝備,阿瑪拉的精氣（手鐲傳授）
刀鬼獄,副本掉落,裝備,攝舞的精氣（手鐲傳授）
刀鬼獄,副本掉落,裝備,邪花八卦牌箱6號
仙緣石窟,副本掉落,材料,泰天翅膀
仙緣石窟,副本掉落,材料,邪花草
仙緣石窟,副本掉落,材料,洪門結晶體
仙緣石窟,副本掉落,材料,天元水
仙緣石窟,副本掉落,材料,天賦解放石
仙緣石窟,副本掉落,材料,泰天鋼
仙緣石窟,副本掉落,材料,邪花鋼
仙緣石窟,副本掉落,材料,洪門點數符
仙緣石窟,副本掉落,材料,雪峰珠
仙緣石窟,副本掉落,材料,守護水結晶
仙緣石窟,副本掉落,材料,洪門水結晶
仙緣石窟,副本掉落,裝備,邪花八卦牌箱7
仙緣石窟,副本掉落,裝備,雷霆的精氣（神功
仙緣石窟,副本掉落,裝備,秘功牌傳授）
仙緣石窟,副本掉落,裝備,雪影戒指(祭品)
暴徒之島（單人副本）,副本掉落,材料,泰天翅膀
暴徒之島（單人副本）,副本掉落,材料,邪花草
暴徒之島（單人副本）,副本掉落,材料,洪門結晶體
暴徒之島（單人副本）,副本掉落,材料,天元水
暴徒之島（單人副本）,副本掉落,材料,泰天鋼
暴徒之島（單人副本）,副本掉落,材料,邪花鋼
暴徒之島（單人副本）,副本掉落,材料,天賦解放石
暴徒之島（單人副本）,副本掉落,材料,洪門點數符
暴徒之島（單人副本）,副本掉落,材料,雪峰珠
暴徒之島（單人副本）,副本掉落,裝備,邪花八卦牌箱8號
暴徒之島（單人副本）,副本掉落,裝備,血帆統御石(黑曜石）
暴徒之島（單人副本）,副本掉落,裝備,光明的大精氣（靈傳授）
暴徒之島（單人副本）,每日任務,任務獎勵,泰天鋼
暴徒之島（單人副本）,每日任務,任務獎勵,邪花鋼
暴徒之島（單人副本）,每日任務,任務獎勵,雪峰珠
暴徒之島（單人副本）,每日任務,任務獎勵,黃龜鱗
黎明之破天都城（團隊副本）,每日任務,任務獎勵,泰天鋼
黎明之破天都城（團隊副本）,每日任務,任務獎勵,泰天珠
黎明之破天都城（團隊副本）,每日任務,任務獎勵,洪門五星寶石箱
黎明之破天都城（團隊副本）,每日任務,任務獎勵,雪魂珠
黎明之破天都城（團隊副本）,每日任務,任務獎勵,泰天八卦牌 1~4
黑龍教地下監獄（入門）,副本掉落,材料,邪花草
黑龍教地下監獄（入門）,副本掉落,材料,黃龜鱗碎片
黑龍教地下監獄（入門）,副本掉落,材料,雪峰筋
黑龍教地下監獄（入門）,副本掉落,材料,洪門結晶體
黑龍教地下監獄（入門）,副本掉落,材料,邪花鋼
黑龍教地下監獄（入門）,副本掉落,材料,天賦解放石
黑龍教地下監獄（入門）,副本掉落,裝備,攝舞手鐲(祭品)
黑龍教地下監獄（入門）,副本掉落,裝備,殘缺的光雷手鐲
黑龍教地下監獄（入門）,副本掉落,裝備,殘缺的光華手鐲
黑龍教地下監獄（入門）,副本掉落,裝備,殘缺的光舞手鐲
黑龍教地下監獄（入門）,副本掉落,裝備,村長的大精氣(武器傳授)
黑龍教地下監獄（入門）,副本掉落,裝備,洪門三星寶石盒
黑龍教地下監獄（入門）,副本掉落,裝備,嶽太后的輸卵管
黑龍教地下監獄（入門）,副本掉落,裝備,嶽太后的卵巢
黑龍教地下監獄（入門）,副本掉落,裝備,嶽太后的生殖器
黑龍教地下監獄（入門）,副本掉落,裝備,泰天八卦牌箱5號
黑龍教地下監獄（入門）,每日任務,任務獎勵,雪峰鋼
黑龍教地下監獄（入門）,每日任務,任務獎勵,雪峰珠
黑龍教地下監獄（入門）,每日任務,任務獎勵,黃龜鱗
黑龍教地下監獄（入門）,每日任務,任務獎勵,天賦昇天石
巨骨墓地,副本掉落,材料,天賦解放石
巨骨墓地,副本掉落,材料,黃龜鱗碎片
巨骨墓地,副本掉落,材料,雪峰筋
巨骨墓地,副本掉落,材料,洪門結晶體
巨骨墓地,副本掉落,材料,天下碎片
巨骨墓地,副本掉落,材料,洪門水
巨骨墓地,副本掉落,裝備,泰天八卦牌箱7號
巨骨墓地,副本掉落,裝備,守護水炎帝的大精氣(八卦傳授)
巨骨墓地,副本掉落,裝備,光炎的大精氣(八卦傳授)
巨骨墓地,副本掉落,裝備,三途川腰帶(祭品)
巨骨墓地,副本掉落,裝備,三途川項鍊(祭品)
遺忘墓地,副本掉落,材料,天下碎片
遺忘墓地,副本掉落,材料,黃龜鱗碎片
遺忘墓地,副本掉落,材料,雪峰筋
遺忘墓地,副本掉落,材料,洪門結晶體
遺忘墓地,副本掉落,材料,融合之契
遺忘墓地,副本掉落,材料,天賦解放石
遺忘墓地,副本掉落,裝備,泰天八卦牌箱8號
遺忘墓地,副本掉落,裝備,上鎖的天音武器
遺忘墓地,副本掉落,裝備,上鎖的阿妍卡武器
遺忘墓地,副本掉落,裝備,上鎖的雪影武器
遺忘墓地,副本掉落,裝備,上鎖的攝舞武器
遺忘墓地,副本掉落,裝備,上鎖的三途川武器
遺忘墓地,副本掉落,裝備,上鎖的祭天武器
遺忘墓地,副本掉落,裝備,上鎖的新亞曼武器
遺忘墓地,副本掉落,裝備,阿妍卡耳環(祭品)
遺忘墓地,副本掉落,裝備,阿妍卡戒指(祭品)
遺忘墓地,每日任務,任務獎勵,雪峰鋼
遺忘墓地,每日任務,任務獎勵,雪峰珠
遺忘墓地,每日任務,任務獎勵,黃龜鱗
遺忘墓地,每日任務,任務獎勵,天賦昇天石
永傑聖所（團隊副本）,每日任務,任務獎勵,雪峰鋼
永傑聖所（團隊副本）,每日任務,任務獎勵,赤鱘鱗
永傑聖所（團隊副本）,每日任務,任務獎勵,洪門五星寶石箱
永傑聖所（團隊副本）,每日任務,任務獎勵,高貴的光輝石
永傑聖所（團隊副本）,每日任務,任務獎勵,邪花八卦牌 1~4
永傑聖所（團隊副本）,斬首任務,任務獎勵,強效輕功還丹(3天)
武神塔1~8層,副本掉落,材料,白蛇鱗碎片
武神塔1~8層,副本掉落,材料,白蛇鱗
武神塔1~8層,副本掉落,材料,惡泰珠
武神塔1~8層,副本掉落,材料,泰天鋼
武神塔1~8層,副本掉落,材料,黃龜鱗碎片
武神塔1~8層,副本掉落,材料,洪門結晶體
武神塔1~8層,副本掉落,材料,天賦解放石
武神塔1~8層,副本掉落,材料,天賦昇天石
武神塔1~8層,副本掉落,材料,天下碎片
武神塔1~8層,副本掉落,材料,雪峰珠
武神塔1~8層,副本掉落,材料,雪峰筋
武神塔1~8層,副本掉落,材料,邪花鋼
武神塔1~8層,副本掉落,材料,赤鱘鱗碎片
武神塔1~8層,副本掉落,裝備,雪峰戒指的精氣
武神塔1~8層,副本掉落,裝備,雪峰耳環的精氣
武神塔1~8層,副本掉落,裝備,無禪神功牌(可轉化)
武神塔1~8層,副本掉落,裝備,珍貴的洪門刻印書
武神塔1~8層,副本掉落,裝備,洪門三星寶石盒
武神塔1~8層,每日任務,任務獎勵,雪峰鋼
武神塔1~8層,每日任務,任務獎勵,雪峰珠
武神塔1~8層,每日任務,任務獎勵,黃龜鱗
武神塔1~8層,每日任務,任務獎勵,天賦昇天石
武神塔1~8層,每日任務,任務獎勵,洪門四星寶石盒
武神塔1~8層,每日任務,任務獎勵,高貴的輝石箱
面目全非的江流市（改一副本）,副本掉落,材料,撕碎的護符碎片
面目全非的江流市（改一副本）,副本掉落,材料,洪門四星寶石函
面目全非的江流市（改一副本）,副本掉落,材料,洪門五星寶石盒
面目全非的江流市（改一副本）,每日任務,任務獎勵,雪峰鋼
面目全非的江流市（改一副本）,每日任務,任務獎勵,赤鱘鱗
面目全非的江流市（改一副本）,每日任務,任務獎勵,仙界珠
面目全非的江流市（改一副本）,每日任務,任務獎勵,封魔護符
面目全非的江流市（改一副本）,斬首任務,任務獎勵,雪峰鋼
面目全非的江流市（改一副本）,斬首任務,任務獎勵,赤鱘鱗
面目全非的江流市（改一副本）,斬首任務,任務獎勵,仙界珠
面目全非的江流市（改一副本）,斬首任務,任務獎勵,無光寶物箱x100
咆哮寺院（改一副本）,副本掉落,材料,頑石
咆哮寺院（改一副本）,副本掉落,材料,赤鱘鱗碎片
咆哮寺院（改一副本）,副本掉落,材料,洪門結晶體
咆哮寺院（改一副本）,副本掉落,材料,天元水
咆哮寺院（改一副本）,副本掉落,材料,赤鱘鱗
咆哮寺院（改一副本）,副本掉落,材料,雪峰鋼
咆哮寺院（改一副本）,副本掉落,材料,天賦昇天石
咆哮寺院（改一副本）,副本掉落,材料,仙界珠
咆哮寺院（改一副本）,副本掉落,材料,銀罡石
咆哮寺院（改一副本）,副本掉落,裝備,洪門四星寶石盒
咆哮寺院（改一副本）,每日任務,任務獎勵,雪峰鋼
咆哮寺院（改一副本）,每日任務,任務獎勵,赤鱘鱗
咆哮寺院（改一副本）,每日任務,任務獎勵,雪峰珠
咆哮寺院（改一副本）,每日任務,任務獎勵,銀罡石
咆哮寺院（改一副本）,斬首任務,任務獎勵,泰天鋼
咆哮寺院（改一副本）,斬首任務,任務獎勵,洪門結晶體
咆哮寺院（改一副本）,斬首任務,任務獎勵,頑石
咆哮寺院（改一副本）,斬首任務,任務獎勵,金幣
巨巖遺址（改一副本）,副本掉落,材料,頑石
巨巖遺址（改一副本）,副本掉落,材料,赤鱘鱗碎片
巨巖遺址（改一副本）,副本掉落,材料,天賦解放石
巨巖遺址（改一副本）,副本掉落,材料,天元水
巨巖遺址（改一副本）,副本掉落,材料,赤鱘鱗
巨巖遺址（改一副本）,副本掉落,材料,雪峰鋼
巨巖遺址（改一副本）,副本掉落,材料,天賦昇天石
巨巖遺址（改一副本）,副本掉落,材料,仙界珠
巨巖遺址（改一副本）,副本掉落,材料,銀罡石
巨巖遺址（改一副本）,每日任務,任務獎勵,雪峰鋼
巨巖遺址（改一副本）,每日任務,任務獎勵,赤鱘鱗
巨巖遺址（改一副本）,每日任務,任務獎勵,雪峰珠
巨巖遺址（改一副本）,每日任務,任務獎勵,銀罡石
巨巖遺址（改一副本）,斬首任務,任務獎勵,泰天鋼
巨巖遺址（改一副本）,斬首任務,任務獎勵,洪門結晶體
巨巖遺址（改一副本）,斬首任務,任務獎勵,頑石
巨巖遺址（改一副本）,斬首任務,任務獎勵,金幣
水蛙宮（改一副本）,副本掉落,材料,微光
水蛙宮（改一副本）,副本掉落,材料,赤鱘鱗碎片
水蛙宮（改一副本）,副本掉落,材料,黃龜鱗碎片
水蛙宮（改一副本）,副本掉落,材料,雪峰珠
水蛙宮（改一副本）,副本掉落,材料,赤鱘鱗
水蛙宮（改一副本）,副本掉落,材料,雪峰鋼
水蛙宮（改一副本）,副本掉落,材料,天賦昇天石
水蛙宮（改一副本）,副本掉落,材料,仙界珠
水蛙宮（改一副本）,副本掉落,材料,白晝精蘊
水蛙宮（改一副本）,每日任務,任務獎勵,雪峰鋼
水蛙宮（改一副本）,每日任務,任務獎勵,赤鱘鱗
水蛙宮（改一副本）,每日任務,任務獎勵,仙界珠
水蛙宮（改一副本）,每日任務,任務獎勵,白晝精蘊
水蛙宮（改一副本）,斬首任務,任務獎勵,泰天鋼
水蛙宮（改一副本）,斬首任務,任務獎勵,洪門結晶體
水蛙宮（改一副本）,斬首任務,任務獎勵,微光
水蛙宮（改一副本）,斬首任務,任務獎勵,金幣
鬥戰神廟（改一副本）,副本掉落,材料,碎玉
鬥戰神廟（改一副本）,副本掉落,材料,赤鱘鱗碎片
鬥戰神廟（改一副本）,副本掉落,材料,惡泰珠
鬥戰神廟（改一副本）,副本掉落,材料,白蛇鱗
鬥戰神廟（改一副本）,副本掉落,材料,赤鱘鱗
鬥戰神廟（改一副本）,副本掉落,材料,雪峰鋼
鬥戰神廟（改一副本）,副本掉落,材料,天賦昇天石
鬥戰神廟（改一副本）,副本掉落,材料,仙界珠
鬥戰神廟（改一副本）,副本掉落,材料,龍巖鱗
鬥戰神廟（改一副本）,每日任務,任務獎勵,雪峰鋼
鬥戰神廟（改一副本）,每日任務,任務獎勵,赤鱘鱗
鬥戰神廟（改一副本）,每日任務,任務獎勵,仙界珠
鬥戰神廟（改一副本）,每日任務,任務獎勵,龍巖鱗
鬥戰神廟（改一副本）,斬首任務,任務獎勵,泰天鋼
鬥戰神廟（改一副本）,斬首任務,任務獎勵,洪門結晶體
鬥戰神廟（改一副本）,斬首任務,任務獎勵,碎玉珠
鬥戰神廟（改一副本）,斬首任務,任務獎勵,金幣
蜘蛛巢穴（改一副本）,副本掉落,材料,雲石
蜘蛛巢穴（改一副本）,副本掉落,材料,赤鱘鱗碎片
蜘蛛巢穴（改一副本）,副本掉落,材料,進化石
蜘蛛巢穴（改一副本）,副本掉落,材料,神秘水
蜘蛛巢穴（改一副本）,副本掉落,材料,赤鱘鱗
蜘蛛巢穴（改一副本）,副本掉落,材料,雪峰鋼
蜘蛛巢穴（改一副本）,副本掉落,材料,天賦昇天石
蜘蛛巢穴（改一副本）,副本掉落,材料,仙界珠
蜘蛛巢穴（改一副本）,副本掉落,材料,涎雲精魄
蜘蛛巢穴（改一副本）,每日任務,任務獎勵,雪峰鋼
蜘蛛巢穴（改一副本）,每日任務,任務獎勵,赤鱘鱗
蜘蛛巢穴（改一副本）,每日任務,任務獎勵,仙界珠
蜘蛛巢穴（改一副本）,每日任務,任務獎勵,涎雲精魄
蜘蛛巢穴（改一副本）,斬首任務,任務獎勵,泰天鋼
蜘蛛巢穴（改一副本）,斬首任務,任務獎勵,洪門結晶體
蜘蛛巢穴（改一副本）,斬首任務,任務獎勵,雲石
蜘蛛巢穴（改一副本）,斬首任務,任務獎勵,金幣
血豬族巢穴（改一副本）,副本掉落,材料,黎明冰晶
血豬族巢穴（改一副本）,副本掉落,材料,赤鱘鱗碎片
血豬族巢穴（改一副本）,副本掉落,材料,天賦解放石
血豬族巢穴（改一副本）,副本掉落,材料,惡泰珠
血豬族巢穴（改一副本）,副本掉落,材料,赤鱘鱗
血豬族巢穴（改一副本）,副本掉落,材料,雪峰鋼
血豬族巢穴（改一副本）,副本掉落,材料,天賦昇天石
血豬族巢穴（改一副本）,副本掉落,材料,仙界珠
血豬族巢穴（改一副本）,副本掉落,材料,黎明精魂
血豬族巢穴（改一副本）,每日任務,任務獎勵,雪峰鋼
血豬族巢穴（改一副本）,每日任務,任務獎勵,赤鱘鱗
血豬族巢穴（改一副本）,每日任務,任務獎勵,仙界珠
血豬族巢穴（改一副本）,每日任務,任務獎勵,黎明精魂
血豬族巢穴（改一副本）,斬首任務,任務獎勵,泰天鋼
血豬族巢穴（改一副本）,斬首任務,任務獎勵,洪門結晶體
血豬族巢穴（改一副本）,斬首任務,任務獎勵,黎明冰晶
血豬族巢穴（改一副本）,斬首任務,任務獎勵,金幣
永靈族遺蹟（改一副本）,副本掉落,材料,宇泰碎片
永靈族遺蹟（改一副本）,副本掉落,材料,赤鱘鱗碎片
永靈族遺蹟（改一副本）,副本掉落,材料,青牙鱗
永靈族遺蹟（改一副本）,副本掉落,材料,天下碎片
永靈族遺蹟（改一副本）,副本掉落,材料,赤鱘鱗
永靈族遺蹟（改一副本）,副本掉落,材料,雪峰鋼
永靈族遺蹟（改一副本）,副本掉落,材料,天賦昇天石
永靈族遺蹟（改一副本）,副本掉落,材料,仙界珠
永靈族遺蹟（改一副本）,副本掉落,材料,宇泰的月光
永靈族遺蹟（改一副本）,每日任務,任務獎勵,雪峰鋼
永靈族遺蹟（改一副本）,每日任務,任務獎勵,赤鱘鱗
永靈族遺蹟（改一副本）,每日任務,任務獎勵,仙界珠
永靈族遺蹟（改一副本）,每日任務,任務獎勵,宇泰的月光
永靈族遺蹟（改一副本）,斬首任務,任務獎勵,泰天鋼
永靈族遺蹟（改一副本）,斬首任務,任務獎勵,洪門結晶體
永靈族遺蹟（改一副本）,斬首任務,任務獎勵,宇泰碎片
永靈族遺蹟（改一副本）,斬首任務,任務獎勵,金幣
魚人族巢穴（改一副本）,副本掉落,材料,染血的帝王徽記
魚人族巢穴（改一副本）,副本掉落,材料,赤鱘鱗碎片
魚人族巢穴（改一副本）,副本掉落,材料,崑崙珠
魚人族巢穴（改一副本）,副本掉落,材料,月石精髓
魚人族巢穴（改一副本）,副本掉落,材料,赤鱘鱗
魚人族巢穴（改一副本）,副本掉落,材料,雪峰鋼
魚人族巢穴（改一副本）,副本掉落,材料,天賦昇天石
魚人族巢穴（改一副本）,副本掉落,材料,仙界珠
魚人族巢穴（改一副本）,副本掉落,材料,神聖帝王徽記
魚人族巢穴（改一副本）,副本掉落,裝備,繽紛的天光石箱
魚人族巢穴（改一副本）,副本掉落,裝備,繽紛的地光石箱
魚人族巢穴（改一副本）,副本掉落,裝備,繽紛的人光石箱
魚人族巢穴（改一副本）,副本掉落,裝備,守護四星金剛玉
魚人族巢穴（改一副本）,每日任務,任務獎勵,雪峰鋼
魚人族巢穴（改一副本）,每日任務,任務獎勵,赤鱘鱗
魚人族巢穴（改一副本）,每日任務,任務獎勵,仙界珠
魚人族巢穴（改一副本）,每日任務,任務獎勵,神聖帝王徽記
濁魔窟（改一副本）,副本掉落,材料,仙隱碎玉
濁魔窟（改一副本）,副本掉落,材料,赤鱘鱗碎片
濁魔窟（改一副本）,副本掉落,材料,泰天珠
濁魔窟（改一副本）,副本掉落,材料,邪花鋼
濁魔窟（改一副本）,副本掉落,材料,赤鱘鱗
濁魔窟（改一副本）,副本掉落,材料,雪峰鋼
濁魔窟（改一副本）,副本掉落,材料,天賦昇天石
濁魔窟（改一副本）,副本掉落,材料,仙界珠
濁魔窟（改一副本）,副本掉落,材料,仙隱石
濁魔窟（改一副本）,每日任務,任務獎勵,雪峰鋼
濁魔窟（改一副本）,每日任務,任務獎勵,赤鱘鱗
濁魔窟（改一副本）,每日任務,任務獎勵,仙界珠
濁魔窟（改一副本）,每日任務,任務獎勵,仙隱石
濁魔窟（改一副本）,斬首任務,任務獎勵,泰天鋼
濁魔窟（改一副本）,斬首任務,任務獎勵,洪門結晶體
濁魔窟（改一副本）,斬首任務,任務獎勵,仙隱碎玉
濁魔窟（改一副本）,斬首任務,任務獎勵,金幣
土門客棧（改一副本）,副本掉落,材料,武劫石
土門客棧（改一副本）,副本掉落,材料,赤鱘鱗碎片
土門客棧（改一副本）,副本掉落,材料,雪峰珠
土門客棧（改一副本）,副本掉落,材料,黃龜鱗
土門客棧（改一副本）,副本掉落,材料,赤鱘鱗
土門客棧（改一副本）,副本掉落,材料,雪峰鋼
土門客棧（改一副本）,副本掉落,材料,天賦昇天石
土門客棧（改一副本）,副本掉落,材料,仙界珠
土門客棧（改一副本）,副本掉落,材料,武劫金丹
土門客棧（改一副本）,每日任務,任務獎勵,雪峰鋼
土門客棧（改一副本）,每日任務,任務獎勵,赤鱘鱗
土門客棧（改一副本）,每日任務,任務獎勵,仙界珠
土門客棧（改一副本）,每日任務,任務獎勵,武劫金丹
土門客棧（改一副本）,斬首任務,任務獎勵,泰天鋼
土門客棧（改一副本）,斬首任務,任務獎勵,洪門結晶體
土門客棧（改一副本）,斬首任務,任務獎勵,武劫石
土門客棧（改一副本）,斬首任務,任務獎勵,金幣
"霸王密室（團本）
（改一副本）",每日任務,任務獎勵,泣淵精魄
"霸王密室（團本）
（改一副本）",每日任務,任務獎勵,融合之契
"霸王密室（團本）
（改一副本）",每日任務,任務獎勵,勇士的金幣
"霸王密室（團本）
（改一副本）",每日任務,任務獎勵,綠愛寶箱
"霸王密室（團本）
（改一副本）",斬首任務,任務獎勵,泣淵石
"霸王密室（團本）
（改一副本）",斬首任務,任務獎勵,宇泰的月光
"霸王密室（團本）
（改一副本）",斬首任務,任務獎勵,神聖帝王徽記
"霸王密室（團本）
（改一副本）",斬首任務,任務獎勵,仙隱石
"霸王密室（團本）
（改一副本）",斬首任務,任務獎勵,武劫金丹
天鳥巢（改一副本）,副本掉落,材料,滄溟碎玉
天鳥巢（改一副本）,副本掉落,材料,雪峰鋼
天鳥巢（改一副本）,副本掉落,材料,赤鱘鱗
天鳥巢（改一副本）,副本掉落,材料,仙界珠
天鳥巢（改一副本）,副本掉落,材料,結晶支援箱子
天鳥巢（改一副本）,副本掉落,材料,滄溟之靈
天鳥巢（改一副本）,副本掉落,材料,金幣
天鳥巢（改一副本）,副本掉落,裝備,守護三星寶玉x2
天鳥巢（改一副本）,每日任務,任務獎勵,滄溟碎玉
天鳥巢（改一副本）,每日任務,任務獎勵,守護水
天鳥巢（改一副本）,每日任務,任務獎勵,洪門水
天鳥巢（改一副本）,每日任務,任務獎勵,金幣
海岸洞穴（改一副本）,副本掉落,材料,滄溟碎玉
海岸洞穴（改一副本）,副本掉落,材料,雪峰鋼
海岸洞穴（改一副本）,副本掉落,材料,赤鱘鱗
海岸洞穴（改一副本）,副本掉落,材料,仙界珠
海岸洞穴（改一副本）,副本掉落,材料,結晶支援箱子
海岸洞穴（改一副本）,副本掉落,材料,滄溟之靈
海岸洞穴（改一副本）,副本掉落,材料,魔精粉
海岸洞穴（改一副本）,每日任務,任務獎勵,魔化戒指的精氣
海岸洞穴（改一副本）,每日任務,任務獎勵,雪峰鋼
海岸洞穴（改一副本）,每日任務,任務獎勵,仙界珠
海岸洞穴（改一副本）,每日任務,任務獎勵,赤鱘鱗
海岸洞穴（改一副本）,每日任務,任務獎勵,黎明碎玉
海岸洞穴（改一副本）,每日任務,任務獎勵,染血的帝王徽記
海岸洞穴（改一副本）,每日任務,任務獎勵,宇泰的碎片
海岸洞穴（改一副本）,每日任務,任務獎勵,仙隱碎玉
黑龍寨營地（改一副本）,副本掉落,材料,滄溟碎玉
黑龍寨營地（改一副本）,副本掉落,材料,雪峰鋼
黑龍寨營地（改一副本）,副本掉落,材料,赤鱘鱗
黑龍寨營地（改一副本）,副本掉落,材料,仙界珠
黑龍寨營地（改一副本）,副本掉落,材料,結晶支援箱子
黑龍寨營地（改一副本）,副本掉落,材料,滄溟之靈
黑龍寨營地（改一副本）,副本掉落,材料,魔精粉
黑龍寨營地（改一副本）,每日任務,任務獎勵,魔化戒指的精氣
黑龍寨營地（改一副本）,每日任務,任務獎勵,雪峰鋼
黑龍寨營地（改一副本）,每日任務,任務獎勵,仙界珠
黑龍寨營地（改一副本）,每日任務,任務獎勵,赤鱘鱗
黑龍寨營地（改一副本）,每日任務,任務獎勵,黎明碎玉
黑龍寨營地（改一副本）,每日任務,任務獎勵,染血的帝王徽記
黑龍寨營地（改一副本）,每日任務,任務獎勵,宇泰的碎片
黑龍寨營地（改一副本）,每日任務,任務獎勵,仙隱碎玉
鬥神祭壇（改一副本）,副本掉落,材料,滄溟碎玉
鬥神祭壇（改一副本）,副本掉落,材料,雪峰鋼
鬥神祭壇（改一副本）,副本掉落,材料,赤鱘鱗
鬥神祭壇（改一副本）,副本掉落,材料,仙界珠
鬥神祭壇（改一副本）,副本掉落,材料,結晶支援箱子
鬥神祭壇（改一副本）,副本掉落,材料,滄溟之靈
鬥神祭壇（改一副本）,副本掉落,材料,魔精粉
鬥神祭壇（改一副本）,每日任務,任務獎勵,魔化戒指的精氣
鬥神祭壇（改一副本）,每日任務,任務獎勵,雪峰鋼
鬥神祭壇（改一副本）,每日任務,任務獎勵,仙界珠
鬥神祭壇（改一副本）,每日任務,任務獎勵,赤鱘鱗
鬥神祭壇（改一副本）,每日任務,任務獎勵,黎明碎玉
鬥神祭壇（改一副本）,每日任務,任務獎勵,染血的帝王徽記
鬥神祭壇（改一副本）,每日任務,任務獎勵,宇泰的碎片
鬥神祭壇（改一副本）,每日任務,任務獎勵,仙隱碎玉
瓦罐團巢穴（改一副本）,副本掉落,材料,滄溟碎玉
瓦罐團巢穴（改一副本）,副本掉落,材料,雪峰鋼
瓦罐團巢穴（改一副本）,副本掉落,材料,赤鱘鱗
瓦罐團巢穴（改一副本）,副本掉落,材料,仙界珠
瓦罐團巢穴（改一副本）,副本掉落,材料,結晶支援箱子
瓦罐團巢穴（改一副本）,副本掉落,材料,滄溟之靈
瓦罐團巢穴（改一副本）,副本掉落,材料,魔精粉
瓦罐團巢穴（改一副本）,每日任務,任務獎勵,魔化戒指的精氣
瓦罐團巢穴（改一副本）,每日任務,任務獎勵,雪峰鋼
瓦罐團巢穴（改一副本）,每日任務,任務獎勵,仙界珠
瓦罐團巢穴（改一副本）,每日任務,任務獎勵,赤鱘鱗
瓦罐團巢穴（改一副本）,每日任務,任務獎勵,黎明碎玉
瓦罐團巢穴（改一副本）,每日任務,任務獎勵,染血的帝王徽記
瓦罐團巢穴（改一副本）,每日任務,任務獎勵,宇泰的碎片
瓦罐團巢穴（改一副本）,每日任務,任務獎勵,仙隱碎玉
曠野王野豬（改二副本）,副本掉落,材料,曠野飢餓寶箱
曠野王野豬（改二副本）,副本掉落,材料,曠野蠻角
格魯姆古城（改二副本）,副本掉落,材料,融合之火
格魯姆古城（改二副本）,副本掉落,材料,赤鱘鱗
格魯姆古城（改二副本）,副本掉落,材料,雪峰鋼
格魯姆古城（改二副本）,副本掉落,材料,仙界珠
格魯姆古城（改二副本）,副本掉落,材料,泣淵石
格魯姆古城（改二副本）,副本掉落,材料,彼岸花
格魯姆古城（改二副本）,副本掉落,材料,多彩石
格魯姆古城（改二副本）,副本掉落,材料,曠野飢餓寶箱
格魯姆古城（改二副本）,副本掉落,材料,融合之契
格魯姆古城（改二副本）,副本掉落,材料,泣淵精華
格魯姆古城（改二副本）,副本掉落,材料,金幣
格魯姆古城（改二副本）,副本掉落,裝備,破天聖島初始化石板
格魯姆古城（改二副本）,每日任務,任務獎勵,彼岸花
格魯姆古城（改二副本）,每日任務,任務獎勵,泣淵石
格魯姆古城（改二副本）,每日任務,任務獎勵,多彩石
格魯姆古城（改二副本）,每日任務,任務獎勵,魔精粉
格魯姆古城（改二副本）,斬首任務,任務獎勵,雪峰鋼
格魯姆古城（改二副本）,斬首任務,任務獎勵,赤鱘鱗
格魯姆古城（改二副本）,斬首任務,任務獎勵,仙界珠
格魯姆古城（改二副本）,斬首任務,任務獎勵,金幣
格魯姆古城（改二副本）,斬首任務,任務獎勵,融合之火
格魯姆古城（改二副本）,斬首任務,任務獎勵,多彩石
格魯姆古城（改二副本）,斬首任務,任務獎勵,彼岸花
格魯姆古城（改二副本）,斬首任務,任務獎勵,泣淵石
黑龍的幻影（改二副本）,副本掉落,材料,黑光花
黑龍的幻影（改二副本）,副本掉落,材料,曠野飢餓寶箱
黑龍的幻影（改二副本）,每日任務,任務獎勵,仙穹鈺露
黑龍的幻影（改二副本）,每日任務,任務獎勵,泣淵石
黑龍的幻影（改二副本）,每日任務,任務獎勵,多彩石
黑龍的幻影（改二副本）,每日任務,任務獎勵,融合之火
彎鉤峽谷（改二副本）,副本掉落,材料,怨恨晶石
彎鉤峽谷（改二副本）,副本掉落,材料,赤鱘鱗
彎鉤峽谷（改二副本）,副本掉落,材料,雪峰鋼
彎鉤峽谷（改二副本）,副本掉落,材料,仙界珠
彎鉤峽谷（改二副本）,副本掉落,材料,泣淵石
彎鉤峽谷（改二副本）,副本掉落,材料,多彩石
彎鉤峽谷（改二副本）,副本掉落,材料,融合之火
彎鉤峽谷（改二副本）,副本掉落,材料,曠野飢餓寶箱
彎鉤峽谷（改二副本）,副本掉落,材料,怨恨石魂黑光花
彎鉤峽谷（改二副本）,每日任務,任務獎勵,曠野飢餓寶箱
彎鉤峽谷（改二副本）,每日任務,任務獎勵,怨恨石魂
彎鉤峽谷（改二副本）,每日任務,任務獎勵,黑光花
彎鉤峽谷（改二副本）,每日任務,任務獎勵,泣淵石
彎鉤峽谷（改二副本）,斬首任務,任務獎勵,怨恨晶石
彎鉤峽谷（改二副本）,斬首任務,任務獎勵,曠野蠻角
彎鉤峽谷（改二副本）,斬首任務,任務獎勵,魔精粉
彎鉤峽谷（改二副本）,斬首任務,任務獎勵,金幣泣淵石
彎鉤峽谷（改二副本）,斬首任務,任務獎勵,多彩石
彎鉤峽谷（改二副本）,斬首任務,任務獎勵,融合之火
彎鉤峽谷（改二副本）,斬首任務,任務獎勵,黑光花
別院（改二副本）,副本掉落,材料,黎明冰晶
別院（改二副本）,副本掉落,材料,宇泰碎片
別院（改二副本）,副本掉落,材料,染血的帝王徽記
別院（改二副本）,副本掉落,材料,仙隱碎玉
別院（改二副本）,副本掉落,材料,泣淵石
別院（改二副本）,副本掉落,材料,多彩石
別院（改二副本）,副本掉落,材料,融合之火
別院（改二副本）,副本掉落,材料,曠野飢餓寶箱
別院（改二副本）,副本掉落,材料,怨恨石魂
別院（改二副本）,副本掉落,材料,武劫石
別院（改二副本）,每日任務,任務獎勵,不滅之炎
別院（改二副本）,每日任務,任務獎勵,曠野蠻角
別院（改二副本）,每日任務,任務獎勵,彼岸花
別院（改二副本）,每日任務,任務獎勵,怨恨結晶
夜幕的風之平原（改二副本）,副本掉落,材料,月夜花
夜幕的風之平原（改二副本）,副本掉落,材料,不滅之炎
夜幕的風之平原（改二副本）,副本掉落,材料,曠野飢餓寶箱
夜幕的風之平原（改二副本）,副本掉落,材料,玄武進化聖水
夜幕的風之平原（改二副本）,副本掉落,材料,金幣
夜幕的風之平原（改二副本）,每日任務,任務獎勵,玄武進化聖水
夜幕的風之平原（改二副本）,斬首任務,任務獎勵,月夜花
夜幕的風之平原（改二副本）,斬首任務,任務獎勵,融合之火
夜幕的風之平原（改二副本）,斬首任務,任務獎勵,曠野飢餓寶箱月夜花
夜幕的風之平原（改二副本）,斬首任務,任務獎勵,曠野飢餓寶箱
黑龍教秘密殿堂（改二副本）,副本掉落,材料,融合之火
黑龍教秘密殿堂（改二副本）,副本掉落,材料,赤鱘鱗
黑龍教秘密殿堂（改二副本）,副本掉落,材料,雪峰鋼
黑龍教秘密殿堂（改二副本）,副本掉落,材料,仙界珠
黑龍教秘密殿堂（改二副本）,副本掉落,材料,泣淵石
黑龍教秘密殿堂（改二副本）,副本掉落,材料,永寂赤晶
黑龍教秘密殿堂（改二副本）,副本掉落,材料,多彩石
黑龍教秘密殿堂（改二副本）,副本掉落,材料,泣淵精華
黑龍教秘密殿堂（改二副本）,副本掉落,裝備,魔化戒指的精氣
黑龍教秘密殿堂（改二副本）,副本掉落,裝備,魔化項鍊的精氣
黑龍教秘密殿堂（改二副本）,副本掉落,裝備,魔化耳環的精氣
黑龍教秘密殿堂（改二副本）,副本掉落,裝備,魔化手鐲的精氣
黑龍教秘密殿堂（改二副本）,每日任務,任務獎勵,泣淵石
黑龍教秘密殿堂（改二副本）,每日任務,任務獎勵,永寂赤晶
黑龍教秘密殿堂（改二副本）,每日任務,任務獎勵,玄武進化聖水
黑龍教秘密殿堂（改二副本）,每日任務,任務獎勵,多彩石
黑龍教秘密殿堂（改二副本）,斬首任務,任務獎勵,泣淵石
黑龍教秘密殿堂（改二副本）,斬首任務,任務獎勵,多彩石
黑龍教秘密殿堂（改二副本）,斬首任務,任務獎勵,融合之火
黑龍教秘密殿堂（改二副本）,斬首任務,任務獎勵,永寂赤晶
南天聖地（改二副本）,副本掉落,材料,融合之火
南天聖地（改二副本）,副本掉落,材料,赤鱘鱗
南天聖地（改二副本）,副本掉落,材料,雪峰鋼
南天聖地（改二副本）,副本掉落,材料,仙界珠
南天聖地（改二副本）,副本掉落,材料,深淵冥晶
南天聖地（改二副本）,副本掉落,材料,泣淵石
南天聖地（改二副本）,副本掉落,材料,多彩石
南天聖地（改二副本）,副本掉落,材料,泣淵精華
南天聖地（改二副本）,副本掉落,裝備,仙穹八卦牌1~8
南天聖地（改二副本）,副本掉落,裝備,洪門五星金剛石
南天聖地（改二副本）,每日任務,任務獎勵,泣淵石
南天聖地（改二副本）,每日任務,任務獎勵,深淵冥晶
南天聖地（改二副本）,每日任務,任務獎勵,玄武進化聖水
南天聖地（改二副本）,每日任務,任務獎勵,多彩石
南天聖地（改二副本）,斬首任務,任務獎勵,泣淵石
南天聖地（改二副本）,斬首任務,任務獎勵,多彩石
南天聖地（改二副本）,斬首任務,任務獎勵,融合之火
南天聖地（改二副本）,斬首任務,任務獎勵,深淵冥晶
武神塔9~15層（改二副本）,副本掉落,材料,洪門五星寶石盒
武神塔9~15層（改二副本）,副本掉落,材料,魔精粉
武神塔9~15層（改二副本）,副本掉落,材料,金幣
武神塔9~15層（改二副本）,副本掉落,材料,黑光花
武神塔9~15層（改二副本）,副本掉落,材料,泣淵石
武神塔9~15層（改二副本）,副本掉落,材料,災厄寒晶
武神塔9~15層（改二副本）,副本掉落,材料,融合之火
武神塔9~15層（改二副本）,副本掉落,材料,曠野蠻角
武神塔9~15層（改二副本）,副本掉落,材料,泣淵精華
武神塔9~15層（改二副本）,副本掉落,材料,結晶支援箱子
武神塔9~15層（改二副本）,副本掉落,裝備,洪門六星寶石
武神塔9~15層（改二副本）,副本掉落,裝備,遠古龍淵石
武神塔9~15層（改二副本）,每日任務,任務獎勵,災厄寒晶
武神塔9~15層（改二副本）,每日任務,任務獎勵,多彩石
武神塔9~15層（改二副本）,每日任務,任務獎勵,泣淵石
武神塔9~15層（改二副本）,每日任務,任務獎勵,曠野蠻角
投影寺院（改二副本）,副本掉落,材料,多彩石
投影寺院（改二副本）,副本掉落,材料,融合之火
投影寺院（改二副本）,副本掉落,材料,曠野蠻角
投影寺院（改二副本）,副本掉落,材料,結晶支援箱子
投影寺院（改二副本）,副本掉落,材料,猩紅魔晶
投影寺院（改二副本）,副本掉落,材料,泣淵精華
投影寺院（改二副本）,副本掉落,裝備,封印的力王八卦1~8號
投影寺院（改二副本）,副本掉落,裝備,帝王之鑰
投影寺院（改二副本）,副本掉落,裝備,帝王封印符
投影寺院（改二副本）,每日任務,任務獎勵,泣淵石
投影寺院（改二副本）,每日任務,任務獎勵,猩紅魔晶
投影寺院（改二副本）,每日任務,任務獎勵,玄武進化水
投影寺院（改二副本）,每日任務,任務獎勵,帝王之鑰
"黑暗摩天樓（團本）
（改二副本）",副本掉落,材料,燭魔鑄靈
"黑暗摩天樓（團本）
（改二副本）",副本掉落,材料,玄武進化聖水
"黑暗摩天樓（團本）
（改二副本）",副本掉落,材料,融合之契
"黑暗摩天樓（團本）
（改二副本）",副本掉落,材料,泣淵精華
"黑暗摩天樓（團本）
（改二副本）",副本掉落,裝備,燭魔鑄靈戒指
"黑暗摩天樓（團本）
（改二副本）",副本掉落,裝備,燭魔鑄靈項鍊
"黑暗摩天樓（團本）
（改二副本）",副本掉落,裝備,燭魔鑄靈耳環
"黑暗摩天樓（團本）
（改二副本）",副本掉落,裝備,燭魔鑄靈手鐲
"黑暗摩天樓（團本）
（改二副本）",副本掉落,裝備,璀璨的魔皇寶物箱
"黑暗摩天樓（團本）
（改二副本）",每日任務,任務獎勵,燭魔鑄靈
"黑暗摩天樓（團本）
（改二副本）",每日任務,任務獎勵,玄武進化水
"黑暗摩天樓（團本）
（改二副本）",每日任務,任務獎勵,融合之契
"黑暗摩天樓（團本）
（改二副本）",每日任務,任務獎勵,時光殘卷
"黑暗摩天樓（團本）
（改二副本）",斬首任務,任務獎勵,弒王獎章
"黑暗摩天樓（團本）
（改二副本）",斬首任務,任務獎勵,燭魔鑄靈
"黑暗摩天樓（團本）
（改二副本）",斬首任務,任務獎勵,玄武進化水
"黑暗摩天樓（團本）
（改二副本）",斬首任務,任務獎勵,融合之契
"黑暗摩天樓（團本）
（改二副本）",斬首任務,任務獎勵,時光殘卷
"遺失的海鳴巢穴
（改三副本）
（2血條）",副本掉落,材料,結晶支援箱子
"遺失的海鳴巢穴
（改三副本）
（2血條）",副本掉落,材料,多彩石
"遺失的海鳴巢穴
（改三副本）
（2血條）",副本掉落,材料,曠野蠻角
"遺失的海鳴巢穴
（改三副本）
（2血條）",副本掉落,材料,融合之火
"遺失的海鳴巢穴
（改三副本）
（2血條）",副本掉落,材料,永寂赤晶
"遺失的海鳴巢穴
（改三副本）
（2血條）",副本掉落,材料,深淵冥晶
"遺失的海鳴巢穴
（改三副本）
（2血條）",副本掉落,材料,災厄寒晶
"遺失的海鳴巢穴
（改三副本）
（2血條）",副本掉落,材料,猩紅魔晶
"遺失的海鳴巢穴
（改三副本）
（2血條）",副本掉落,材料,燭魔鑄靈
"遺失的海鳴巢穴
（改三副本）
（2血條）",副本掉落,材料,海溟碎玉
"遺失的海鳴巢穴
（改三副本）
（2血條）",副本掉落,材料,海溟之息
"遺失的海鳴巢穴
（改三副本）
（2血條）",每日任務,任務獎勵,融合之契
"遺失的海鳴巢穴
（改三副本）
（2血條）",每日任務,任務獎勵,海溟碎玉
"遺失的海鳴巢穴
（改三副本）
（2血條）",每日任務,任務獎勵,玄武進化聖水
"遺失的海鳴巢穴
（改三副本）
（2血條）",每日任務,任務獎勵,燭魔鑄靈
"遺失的海鳴巢穴
（改三副本）
（2血條）",斬首任務,任務獎勵,深淵冥晶
"遺失的海鳴巢穴
（改三副本）
（2血條）",斬首任務,任務獎勵,泣淵石
"遺失的海鳴巢穴
（改三副本）
（2血條）",斬首任務,任務獎勵,融合之契
"遺失的海鳴巢穴
（改三副本）
（2血條）",斬首任務,任務獎勵,玄武進化聖水
"神器修煉場
（改三副本）
（2血條）",副本掉落,材料,結晶支援箱子
"神器修煉場
（改三副本）
（2血條）",副本掉落,材料,赤鱘鱗
"神器修煉場
（改三副本）
（2血條）",副本掉落,材料,仙界珠
"神器修煉場
（改三副本）
（2血條）",副本掉落,材料,雪峰鋼
"神器修煉場
（改三副本）
（2血條）",副本掉落,材料,多彩石
"神器修煉場
（改三副本）
（2血條）",副本掉落,材料,曠野蠻角
"神器修煉場
（改三副本）
（2血條）",副本掉落,材料,融合之火
"神器修煉場
（改三副本）
（2血條）",副本掉落,材料,燭魔鑄靈
"神器修煉場
（改三副本）
（2血條）",副本掉落,材料,遠古魔玉結晶
"神器修煉場
（改三副本）
（2血條）",副本掉落,材料,黑光花
"神器修煉場
（改三副本）
（2血條）",副本掉落,裝備,怨恨晶石
"神器修煉場
（改三副本）
（2血條）",副本掉落,裝備,守護四星寶石
"神器修煉場
（改三副本）
（2血條）",副本掉落,裝備,遠古龍凝石
"神器修煉場
（改三副本）
（2血條）",每日任務,任務獎勵,融合之契
"神器修煉場
（改三副本）
（2血條）",每日任務,任務獎勵,遠古魔玉結晶
"神器修煉場
（改三副本）
（2血條）",每日任務,任務獎勵,玄武進化聖水
"神器修煉場
（改三副本）
（2血條）",每日任務,任務獎勵,燭魔鑄靈
"風暴海蛇基地（野外）
（改三副本）
（5~10血條）",副本掉落,材料,風暴勇士之證帝王封印符
"風暴海蛇基地（野外）
（改三副本）
（5~10血條）",副本掉落,材料,融合之契
"風暴海蛇基地（野外）
（改三副本）
（5~10血條）",副本掉落,材料,玄武進化聖水
"風暴海蛇基地（野外）
（改三副本）
（5~10血條）",副本掉落,材料,村長夫人的龍鳳湯
"風暴海蛇基地（野外）
（改三副本）
（5~10血條）",副本掉落,材料,金幣
"風暴海蛇基地（野外）
（改三副本）
（5~10血條）",副本掉落,裝備,暴風精氣
"風暴海蛇基地（野外）
（改三副本）
（5~10血條）",副本掉落,裝備,風暴遺蹟鑰匙
"風暴海蛇基地（野外）
（改三副本）
（5~10血條）",副本掉落,裝備,海蛇八卦箱
"風暴海蛇基地（野外）
（改三副本）
（5~10血條）",副本掉落,裝備,邪惡風暴武器箱
"風暴海蛇基地（野外）
（改三副本）
（5~10血條）",每日任務,任務獎勵,聚靈閣鑰匙
"風暴海蛇基地（野外）
（改三副本）
（5~10血條）",每日任務,任務獎勵,風暴遺蹟寶箱
"風暴海蛇基地（野外）
（改三副本）
（5~10血條）",每日任務,任務獎勵,村長夫人的龍鳳湯
"風暴海蛇基地（野外）
（改三副本）
（5~10血條）",每日任務,任務獎勵,風暴勇士之證
"武神塔-修煉之屋
（改三副本）
（5血條）",副本掉落,材料,凝神之心
"武神塔-修煉之屋
（改三副本）
（5血條）",副本掉落,材料,遠古輝石
"武神塔-修煉之屋
（改三副本）
（5血條）",副本掉落,材料,遠古光石
"庶子的安息之所（團本）
（改三副本）",副本掉落,材料,燭魔鑄靈
"庶子的安息之所（團本）
（改三副本）",副本掉落,材料,燭魔泣淵精華
"庶子的安息之所（團本）
（改三副本）",副本掉落,材料,融合之契
"庶子的安息之所（團本）
（改三副本）",副本掉落,材料,泣淵精華
"庶子的安息之所（團本）
（改三副本）",副本掉落,材料,怨恨魔玉
"庶子的安息之所（團本）
（改三副本）",副本掉落,材料,弒王獎章
"庶子的安息之所（團本）
（改三副本）",副本掉落,材料,玄武進化聖水
"庶子的安息之所（團本）
（改三副本）",副本掉落,裝備,封印的力王八卦牌
"庶子的安息之所（團本）
（改三副本）",副本掉落,裝備,璀璨的魔皇寶物箱
"庶子的安息之所（團本）
（改三副本）",每日任務,任務獎勵,燭魔鑄靈
"庶子的安息之所（團本）
（改三副本）",每日任務,任務獎勵,泣淵精華
"庶子的安息之所（團本）
（改三副本）",每日任務,任務獎勵,燭魔泣淵精華
"庶子的安息之所（團本）
（改三副本）",每日任務,任務獎勵,時光殘券
"庶子的安息之所（團本）
（改三副本）",斬首任務,任務獎勵,弒王獎章
"庶子的安息之所（團本）
（改三副本）",斬首任務,任務獎勵,燭魔泣淵精華
"庶子的安息之所（團本）
（改三副本）",斬首任務,任務獎勵,泣淵精華
"庶子的安息之所（團本）
（改三副本）",斬首任務,任務獎勵,燭魔鑄靈
"庶子的安息之所（團本）
（改三副本）",斬首任務,任務獎勵,不滅金舍
"南天收藏庫
（改三副本）
（5血條）",副本掉落,材料,仙界珠
"南天收藏庫
（改三副本）
（5血條）",副本掉落,材料,赤鱘鱗
"南天收藏庫
（改三副本）
（5血條）",副本掉落,材料,雪峰鋼
"南天收藏庫
（改三副本）
（5血條）",副本掉落,材料,南天寶玉
"南天收藏庫
（改三副本）
（5血條）",副本掉落,材料,燭魔鑄幣
"南天收藏庫
（改三副本）
（5血條）",副本掉落,材料,風暴勇士之證
"南天收藏庫
（改三副本）
（5血條）",副本掉落,材料,燭魔鑄靈
"南天收藏庫
（改三副本）
（5血條）",副本掉落,裝備,遠古降魔刻印書
"南天收藏庫
（改三副本）
（5血條）",副本掉落,裝備,聚靈閣鑰匙
"南天收藏庫
（改三副本）
（5血條）",副本掉落,裝備,修煉者戶牌
"南天收藏庫
（改三副本）
（5血條）",每日任務,任務獎勵,燭魔鑄靈
"南天收藏庫
（改三副本）
（5血條）",每日任務,任務獎勵,南天寶玉
"南天收藏庫
（改三副本）
（5血條）",每日任務,任務獎勵,聚靈閣鑰匙
"南天收藏庫
（改三副本）
（5血條）",每日任務,任務獎勵,修煉者戶牌
"南天收藏庫
（改三副本）
（5血條）",斬首任務,任務獎勵,南天寶玉
"南天收藏庫
（改三副本）
（5血條）",斬首任務,任務獎勵,修煉者戶牌
"南天收藏庫
（改三副本）
（5血條）",斬首任務,任務獎勵,帝王之鑰
"南天收藏庫
（改三副本）
（5血條）",斬首任務,任務獎勵,燭魔鑄幣
"武神塔16~20
（改三副本）
（5~10血條）",副本掉落,材料,仙界珠
"武神塔16~20
（改三副本）
（5~10血條）",副本掉落,材料,赤鱘鱗
"武神塔16~20
（改三副本）
（5~10血條）",副本掉落,材料,雪峰鋼
"武神塔16~20
（改三副本）
（5~10血條）",副本掉落,材料,武神秘寶
"武神塔16~20
（改三副本）
（5~10血條）",副本掉落,材料,修煉者戶牌
"武神塔16~20
（改三副本）
（5~10血條）",副本掉落,材料,燭魔鑄幣
"武神塔16~20
（改三副本）
（5~10血條）",副本掉落,材料,風暴勇士之證
"武神塔16~20
（改三副本）
（5~10血條）",副本掉落,裝備,風暴遺蹟鑰匙
"武神塔16~20
（改三副本）
（5~10血條）",副本掉落,裝備,燭魔鑄靈聚靈閣鑰匙
"武神塔16~20
（改三副本）
（5~10血條）",副本掉落,裝備,遠古龍吟石
"武神塔16~20
（改三副本）
（5~10血條）",每日任務,任務獎勵,武神秘寶
"武神塔16~20
（改三副本）
（5~10血條）",每日任務,任務獎勵,燭魔鑄靈
"武神塔16~20
（改三副本）
（5~10血條）",每日任務,任務獎勵,不滅之炎
"武神塔16~20
（改三副本）
（5~10血條）",每日任務,任務獎勵,修煉者戶牌
"螺旋迷宮
（改三副本）
（5血條）",副本掉落,材料,仙界珠
"螺旋迷宮
（改三副本）
（5血條）",副本掉落,材料,赤鱘鱗
"螺旋迷宮
（改三副本）
（5血條）",副本掉落,材料,雪峰鋼
"螺旋迷宮
（改三副本）
（5血條）",副本掉落,材料,風暴遺蹟鑰匙
"螺旋迷宮
（改三副本）
（5血條）",副本掉落,材料,融合之契
"螺旋迷宮
（改三副本）
（5血條）",副本掉落,材料,修煉者戶牌
"螺旋迷宮
（改三副本）
（5血條）",副本掉落,材料,燭魔鑄幣
"螺旋迷宮
（改三副本）
（5血條）",副本掉落,材料,風暴勇士之證
"螺旋迷宮
（改三副本）
（5血條）",副本掉落,材料,征伐赤令
"螺旋迷宮
（改三副本）
（5血條）",副本掉落,裝備,燭魔鑄靈聚靈閣鑰匙
"螺旋迷宮
（改三副本）
（5血條）",副本掉落,裝備,黑境詭怨秘功牌
"螺旋迷宮
（改三副本）
（5血條）",每日任務,任務獎勵,燭魔鑄靈
"螺旋迷宮
（改三副本）
（5血條）",每日任務,任務獎勵,訓練師的私人寶箱
"螺旋迷宮
（改三副本）
（5血條）",每日任務,任務獎勵,征伐赤令
"螺旋迷宮
（改三副本）
（5血條）",每日任務,任務獎勵,玄武進化聖水
"螺旋迷宮
（改三副本）
（5血條）",斬首任務,任務獎勵,燭魔鑄幣
"海蛇補給基地
（改三副本）
（5~10血條）",副本掉落,材料,仙界珠
"海蛇補給基地
（改三副本）
（5~10血條）",副本掉落,材料,赤鱘鱗
"海蛇補給基地
（改三副本）
（5~10血條）",副本掉落,材料,雪峰鋼
"海蛇補給基地
（改三副本）
（5~10血條）",副本掉落,材料,風暴遺蹟鑰匙
"海蛇補給基地
（改三副本）
（5~10血條）",副本掉落,材料,融合之契
"海蛇補給基地
（改三副本）
（5~10血條）",副本掉落,材料,修煉者戶牌
"海蛇補給基地
（改三副本）
（5~10血條）",副本掉落,材料,燭魔鑄幣
"海蛇補給基地
（改三副本）
（5~10血條）",副本掉落,材料,風暴勇士之證
"海蛇補給基地
（改三副本）
（5~10血條）",副本掉落,材料,燭魔鑄靈
"海蛇補給基地
（改三副本）
（5~10血條）",副本掉落,裝備,聚靈閣鑰匙
"海蛇補給基地
（改三副本）
（5~10血條）",副本掉落,裝備,遠古風暴統御龍玉
"海蛇補給基地
（改三副本）
（5~10血條）",副本掉落,裝備,遠古風暴神功牌
"海蛇補給基地
（改三副本）
（5~10血條）",副本掉落,裝備,遠古風暴守護龍玉
"海蛇補給基地
（改三副本）
（5~10血條）",每日任務,任務獎勵,燭魔鑄靈
"海蛇補給基地
（改三副本）
（5~10血條）",每日任務,任務獎勵,風暴勇士之證
"海蛇補給基地
（改三副本）
（5~10血條）",每日任務,任務獎勵,風暴遺蹟寶箱
"海蛇補給基地
（改三副本）
（5~10血條）",每日任務,任務獎勵,聚靈閣鑰匙
"海蛇補給基地
（改三副本）
（5~10血條）",斬首任務,任務獎勵,風暴勇士之證
"海蛇補給基地
（改三副本）
（5~10血條）",斬首任務,任務獎勵,燭魔鑄幣
"海蛇補給基地
（改三副本）
（5~10血條）",斬首任務,任務獎勵,暴風精氣
"海蛇補給基地
（改三副本）
（5~10血條）",斬首任務,任務獎勵,風暴遺蹟寶箱
"暴風之砂神殿
（改三副本）
（10血條）",副本掉落,材料,仙界珠
"暴風之砂神殿
（改三副本）
（10血條）",副本掉落,材料,赤鱘鱗
"暴風之砂神殿
（改三副本）
（10血條）",副本掉落,材料,雪峰鋼
"暴風之砂神殿
（改三副本）
（10血條）",副本掉落,材料,暴風精氣
"暴風之砂神殿
（改三副本）
（10血條）",副本掉落,材料,融合之契
"暴風之砂神殿
（改三副本）
（10血條）",副本掉落,材料,帝王之鑰
"暴風之砂神殿
（改三副本）
（10血條）",副本掉落,材料,燭魔鑄幣
"暴風之砂神殿
（改三副本）
（10血條）",副本掉落,材料,玄武進化聖水
"暴風之砂神殿
（改三副本）
（10血條）",副本掉落,材料,燭魔鑄靈
"暴風之砂神殿
（改三副本）
（10血條）",副本掉落,材料,沙魂
"暴風之砂神殿
（改三副本）
（10血條）",副本掉落,裝備,遠古燭魔之翼
"暴風之砂神殿
（改三副本）
（10血條）",每日任務,任務獎勵,燭魔鑄靈
"暴風之砂神殿
（改三副本）
（10血條）",每日任務,任務獎勵,燭魔泣淵精華
"暴風之砂神殿
（改三副本）
（10血條）",每日任務,任務獎勵,聚靈閣鑰匙
"暴風之砂神殿
（改三副本）
（10血條）",每日任務,任務獎勵,沙魂
"暴風之砂神殿
（改三副本）
（10血條）",斬首任務,任務獎勵,融合之契
"暴風之砂神殿
（改三副本）
（10血條）",斬首任務,任務獎勵,玄武進化聖水
"暴風之砂神殿
（改三副本）
（10血條）",斬首任務,任務獎勵,沙魂
"暴風之砂神殿
（改三副本）
（10血條）",斬首任務,任務獎勵,燭魔鑄幣
"紅蓮墓地
（改三副本）
（5~10血條）",副本掉落,材料,仙界珠
"紅蓮墓地
（改三副本）
（5~10血條）",副本掉落,材料,雪峰鋼
"紅蓮墓地
（改三副本）
（5~10血條）",副本掉落,材料,融合之契
"紅蓮墓地
（改三副本）
（5~10血條）",副本掉落,材料,燭魔鑄幣
"紅蓮墓地
（改三副本）
（5~10血條）",副本掉落,材料,玄武進化聖水
"紅蓮墓地
（改三副本）
（5~10血條）",副本掉落,材料,赤鱘鱗
"紅蓮墓地
（改三副本）
（5~10血條）",副本掉落,材料,炎魔石
"紅蓮墓地
（改三副本）
（5~10血條）",副本掉落,裝備,帝王封印符
"紅蓮墓地
（改三副本）
（5~10血條）",副本掉落,裝備,遠古炎魔八卦牌
"紅蓮墓地
（改三副本）
（5~10血條）",每日任務,任務獎勵,燭魔鑄靈
"紅蓮墓地
（改三副本）
（5~10血條）",每日任務,任務獎勵,融合之契
"紅蓮墓地
（改三副本）
（5~10血條）",每日任務,任務獎勵,玄武進化聖水
"紅蓮墓地
（改三副本）
（5~10血條）",每日任務,任務獎勵,炎魔石
"紅蓮墓地
（改三副本）
（5~10血條）",斬首任務,任務獎勵,炎魔石
"永劫墓地
（改三副本）
（10血條+血海）",副本掉落,材料,仙界珠
"永劫墓地
（改三副本）
（10血條+血海）",副本掉落,材料,赤鱘鱗
"永劫墓地
（改三副本）
（10血條+血海）",副本掉落,材料,雪峰鋼
"永劫墓地
（改三副本）
（10血條+血海）",副本掉落,材料,帝煞拓印
"永劫墓地
（改三副本）
（10血條+血海）",副本掉落,材料,融合之契
"永劫墓地
（改三副本）
（10血條+血海）",副本掉落,材料,燭魔鑄幣
"永劫墓地
（改三副本）
（10血條+血海）",副本掉落,材料,玄武進化聖水
"永劫墓地
（改三副本）
（10血條+血海）",副本掉落,材料,弒王獎章
"永劫墓地
（改三副本）
（10血條+血海）",副本掉落,材料,燭魔鑄靈
"永劫墓地
（改三副本）
（10血條+血海）",副本掉落,材料,燭魔泣淵精華
"永劫墓地
（改三副本）
（10血條+血海）",副本掉落,裝備,帝王封印符
"永劫墓地
（改三副本）
（10血條+血海）",副本掉落,裝備,榮耀元氣石
"永劫墓地
（改三副本）
（10血條+血海）",每日任務,任務獎勵,燭魔鑄靈
"永劫墓地
（改三副本）
（10血條+血海）",每日任務,任務獎勵,帝煞拓印
"永劫墓地
（改三副本）
（10血條+血海）",每日任務,任務獎勵,訓練師的私人藏寶箱
"永劫墓地
（改三副本）
（10血條+血海）",每日任務,任務獎勵,弒王獎章
"永劫墓地
（改三副本）
（10血條+血海）",斬首任務,任務獎勵,燭魔鑄幣
"永劫墓地
（改三副本）
（10血條+血海）",斬首任務,任務獎勵,帝王之鑰
"永劫墓地
（改三副本）
（10血條+血海）",斬首任務,任務獎勵,帝王封印符
"永劫墓地
（改三副本）
（10血條+血海）",斬首任務,任務獎勵,帝煞拓印
"被詛咒的海盜船
（改三副本）
（5~10血條+血海）",副本掉落,材料,仙界珠
"被詛咒的海盜船
（改三副本）
（5~10血條+血海）",副本掉落,材料,赤鱘鱗
"被詛咒的海盜船
（改三副本）
（5~10血條+血海）",副本掉落,材料,雪峰鋼
"被詛咒的海盜船
（改三副本）
（5~10血條+血海）",副本掉落,材料,暴風精氣
"被詛咒的海盜船
（改三副本）
（5~10血條+血海）",副本掉落,材料,融合之契
"被詛咒的海盜船
（改三副本）
（5~10血條+血海）",副本掉落,材料,燭魔鑄靈
"被詛咒的海盜船
（改三副本）
（5~10血條+血海）",副本掉落,材料,燭魔鑄幣
"被詛咒的海盜船
（改三副本）
（5~10血條+血海）",副本掉落,材料,玄武進化聖水
"被詛咒的海盜船
（改三副本）
（5~10血條+血海）",副本掉落,材料,詛咒原石
"被詛咒的海盜船
（改三副本）
（5~10血條+血海）",副本掉落,材料,弒王獎章
"被詛咒的海盜船
（改三副本）
（5~10血條+血海）",副本掉落,材料,燭魔泣淵精華
"被詛咒的海盜船
（改三副本）
（5~10血條+血海）",每日任務,任務獎勵,燭魔鑄靈
"被詛咒的海盜船
（改三副本）
（5~10血條+血海）",每日任務,任務獎勵,詛咒原石
"被詛咒的海盜船
（改三副本）
（5~10血條+血海）",每日任務,任務獎勵,訓練師的私人藏寶箱
"被詛咒的海盜船
（改三副本）
（5~10血條+血海）",每日任務,任務獎勵,弒王獎章
"被詛咒的海盜船
（改三副本）
（5~10血條+血海）",斬首任務,任務獎勵,燭魔鑄幣
"被詛咒的海盜船
（改三副本）
（5~10血條+血海）",斬首任務,任務獎勵,詛咒原石
"被詛咒的海盜船
（改三副本）
（5~10血條+血海）",斬首任務,任務獎勵,風暴遺蹟寶箱
"被詛咒的海盜船
（改三副本）
（5~10血條+血海）",斬首任務,任務獎勵,融合之契
"黑龍教正殿
（改三副本）
（10血條+血海）",副本掉落,材料,無相神丹
"黑龍教正殿
（改三副本）
（10血條+血海）",副本掉落,材料,勇士的金幣
"黑龍教正殿
（改三副本）
（10血條+血海）",副本掉落,材料,燭魔鑄靈
"黑龍教正殿
（改三副本）
（10血條+血海）",副本掉落,材料,訓練師的私人藏寶箱
"黑龍教正殿
（改三副本）
（10血條+血海）",副本掉落,材料,弒王獎章
"黑龍教正殿
（改三副本）
（10血條+血海）",副本掉落,材料,時光殘券
"黑龍教正殿
（改三副本）
（10血條+血海）",副本掉落,材料,燭魔泣淵精華
"黑龍教正殿
（改三副本）
（10血條+血海）",副本掉落,裝備,無相神丹
"黑龍教正殿
（改三副本）
（10血條+血海）",副本掉落,裝備,無相神功秘籍
"黑龍教正殿
（改三副本）
（10血條+血海）",每日任務,任務獎勵,燭魔鑄靈
"黑龍教正殿
（改三副本）
（10血條+血海）",每日任務,任務獎勵,無相還丹
"黑龍教正殿
（改三副本）
（10血條+血海）",每日任務,任務獎勵,不滅之炎
"黑龍教正殿
（改三副本）
（10血條+血海）",每日任務,任務獎勵,勇士的金幣
"詭面梨園
（改三副本）
（10~15血條+血海）",副本掉落,材料,融合之契
"詭面梨園
（改三副本）
（10~15血條+血海）",副本掉落,材料,燭魔鑄靈
"詭面梨園
（改三副本）
（10~15血條+血海）",副本掉落,材料,燭魔鑄幣
"詭面梨園
（改三副本）
（10~15血條+血海）",副本掉落,材料,玄武進化聖水
"詭面梨園
（改三副本）
（10~15血條+血海）",副本掉落,材料,魔氣焰
"詭面梨園
（改三副本）
（10~15血條+血海）",副本掉落,材料,弒王獎章
"詭面梨園
（改三副本）
（10~15血條+血海）",副本掉落,材料,勇士的金幣
"詭面梨園
（改三副本）
（10~15血條+血海）",副本掉落,材料,燭魔泣淵精華
"詭面梨園
（改三副本）
（10~15血條+血海）",每日任務,任務獎勵,燭魔鑄靈
"詭面梨園
（改三副本）
（10~15血條+血海）",每日任務,任務獎勵,魔氣焰
"詭面梨園
（改三副本）
（10~15血條+血海）",每日任務,任務獎勵,訓練師的私人藏寶箱
"詭面梨園
（改三副本）
（10~15血條+血海）",每日任務,任務獎勵,弒王獎章
"詭面梨園
（改三副本）
（10~15血條+血海）",斬首任務,任務獎勵,燭魔鑄幣
"詭面梨園
（改三副本）
（10~15血條+血海）",斬首任務,任務獎勵,魔氣焰
"詭面梨園
（改三副本）
（10~15血條+血海）",斬首任務,任務獎勵,風暴遺蹟寶箱
"詭面梨園
（改三副本）
（10~15血條+血海）",斬首任務,任務獎勵,融合之契
"煉獄村
（改三副本）
（15血條+血海）",副本掉落,材料,冥界聖輝
"煉獄村
（改三副本）
（15血條+血海）",副本掉落,材料,勇士的金幣
"煉獄村
（改三副本）
（15血條+血海）",副本掉落,材料,燭魔鑄靈
"煉獄村
（改三副本）
（15血條+血海）",副本掉落,材料,訓練師的私人藏寶箱
"煉獄村
（改三副本）
（15血條+血海）",副本掉落,材料,弒王獎章時光殘券
"煉獄村
（改三副本）
（15血條+血海）",副本掉落,材料,燭魔泣淵精華
"煉獄村
（改三副本）
（15血條+血海）",副本掉落,裝備,怨恨魔玉
"煉獄村
（改三副本）
（15血條+血海）",每日任務,任務獎勵,燭魔鑄靈
"煉獄村
（改三副本）
（15血條+血海）",每日任務,任務獎勵,冥界聖輝
"煉獄村
（改三副本）
（15血條+血海）",每日任務,任務獎勵,不滅之炎
"煉獄村
（改三副本）
（15血條+血海）",每日任務,任務獎勵,燭魔泣淵精華
"火龍巢穴（改三副本）
（50血條+血海）",副本掉落,材料,勇士的金幣
"火龍巢穴（改三副本）
（50血條+血海）",每日任務,任務獎勵,燭魔鑄幣
"火龍巢穴（改三副本）
（50血條+血海）",每日任務,任務獎勵,遠古魔皇寶物箱
"火龍巢穴（改三副本）
（50血條+血海）",每日任務,任務獎勵,弒王獎章
"火龍巢穴（改三副本）
（50血條+血海）",每日任務,任務獎勵,燭魔泣淵精華
"煉獄熔爐
（改三副本）
（15血條+血海）",副本掉落,材料,燭魔鑄幣
"煉獄熔爐
（改三副本）
（15血條+血海）",副本掉落,材料,融合之契
"煉獄熔爐
（改三副本）
（15血條+血海）",副本掉落,材料,燭魔鑄靈
"煉獄熔爐
（改三副本）
（15血條+血海）",副本掉落,材料,勇士的金幣
"煉獄熔爐
（改三副本）
（15血條+血海）",副本掉落,材料,焰鱗甲片
"煉獄熔爐
（改三副本）
（15血條+血海）",副本掉落,材料,弒王獎章
"煉獄熔爐
（改三副本）
（15血條+血海）",副本掉落,材料,燭魔泣淵精華
"煉獄熔爐
（改三副本）
（15血條+血海）",每日任務,任務獎勵,燭魔鑄靈
"煉獄熔爐
（改三副本）
（15血條+血海）",每日任務,任務獎勵,訓練師的私人藏寶箱
"煉獄熔爐
（改三副本）
（15血條+血海）",每日任務,任務獎勵,勇士的金幣
"煉獄熔爐
（改三副本）
（15血條+血海）",每日任務,任務獎勵,焰鱗甲片
"煉獄熔爐
（改三副本）
（15血條+血海）",斬首任務,任務獎勵,燭魔鑄幣
"煉獄熔爐
（改三副本）
（15血條+血海）",斬首任務,任務獎勵,焰鱗甲片
"煉獄熔爐
（改三副本）
（15血條+血海）",斬首任務,任務獎勵,風暴遺蹟寶箱
"煉獄熔爐
（改三副本）
（15血條+血海）",斬首任務,任務獎勵,融合之契
"海盜競技場
（改三副本）
（5~15血條+血海）",副本掉落,材料,燭魔泣淵精華
"海盜競技場
（改三副本）
（5~15血條+血海）",副本掉落,材料,海盜獨眼
"海盜競技場
（改三副本）
（5~15血條+血海）",副本掉落,材料,融合之契
"海盜競技場
（改三副本）
（5~15血條+血海）",副本掉落,材料,燭魔鑄靈
"海盜競技場
（改三副本）
（5~15血條+血海）",副本掉落,材料,勇士的金幣
"海盜競技場
（改三副本）
（5~15血條+血海）",副本掉落,材料,玄武進化聖水
"海盜競技場
（改三副本）
（5~15血條+血海）",副本掉落,材料,弒王獎章
"海盜競技場
（改三副本）
（5~15血條+血海）",每日任務,任務獎勵,燭魔鑄靈
"海盜競技場
（改三副本）
（5~15血條+血海）",每日任務,任務獎勵,不滅之炎
"海盜競技場
（改三副本）
（5~15血條+血海）",每日任務,任務獎勵,勇士的金幣
"海盜競技場
（改三副本）
（5~15血條+血海）",每日任務,任務獎勵,海盜獨眼
"天命孵化場
（改三副本）
（15~20血條+血海）",副本掉落,材料,燭魔鑄幣
"天命孵化場
（改三副本）
（15~20血條+血海）",副本掉落,材料,融合之契
"天命孵化場
（改三副本）
（15~20血條+血海）",副本掉落,材料,燭魔鑄靈
"天命孵化場
（改三副本）
（15~20血條+血海）",副本掉落,材料,勇士的金幣
"天命孵化場
（改三副本）
（15~20血條+血海）",副本掉落,材料,天音魔晶
"天命孵化場
（改三副本）
（15~20血條+血海）",副本掉落,材料,弒王獎章
"天命孵化場
（改三副本）
（15~20血條+血海）",副本掉落,材料,燭魔泣淵精華
"天命孵化場
（改三副本）
（15~20血條+血海）",每日任務,任務獎勵,燭魔鑄靈
"天命孵化場
（改三副本）
（15~20血條+血海）",每日任務,任務獎勵,訓練師的私人藏寶箱
"天命孵化場
（改三副本）
（15~20血條+血海）",每日任務,任務獎勵,勇士的金幣
"天命孵化場
（改三副本）
（15~20血條+血海）",每日任務,任務獎勵,天音魔晶
"天命孵化場
（改三副本）
（15~20血條+血海）",斬首任務,任務獎勵,燭魔鑄幣
"天命孵化場
（改三副本）
（15~20血條+血海）",斬首任務,任務獎勵,天音魔晶
"天命孵化場
（改三副本）
（15~20血條+血海）",斬首任務,任務獎勵,風暴遺蹟寶箱
"天命孵化場
（改三副本）
（15~20血條+血海）",斬首任務,任務獎勵,融合之契
"喧鬧的天空公園
（15血條+血海）",副本掉落,材料,隨機魔改lv3副本材料x1
"喧鬧的天空公園
（15血條+血海）",每日任務,任務獎勵,天空農場種子
"喧鬧的天空公園
（15血條+血海）",每日任務,任務獎勵,村尛花的材料百寶箱
"喧鬧的天空公園
（15血條+血海）",每日任務,任務獎勵,勇士的金幣
"喧鬧的天空公園
（15血條+血海）",每日任務,任務獎勵,時光殘卷
"扭曲的天目宮
（改三副本）
（15~20血條+血海）",副本掉落,材料,燭魔鑄幣
"扭曲的天目宮
（改三副本）
（15~20血條+血海）",副本掉落,材料,融合之契
"扭曲的天目宮
（改三副本）
（15~20血條+血海）",副本掉落,材料,燭魔鑄靈
"扭曲的天目宮
（改三副本）
（15~20血條+血海）",副本掉落,材料,勇士的金幣
"扭曲的天目宮
（改三副本）
（15~20血條+血海）",副本掉落,材料,天目精華
"扭曲的天目宮
（改三副本）
（15~20血條+血海）",副本掉落,材料,弒王獎章
"扭曲的天目宮
（改三副本）
（15~20血條+血海）",副本掉落,材料,燭魔泣淵精華
"扭曲的天目宮
（改三副本）
（15~20血條+血海）",每日任務,任務獎勵,燭魔鑄靈
"扭曲的天目宮
（改三副本）
（15~20血條+血海）",每日任務,任務獎勵,燭魔泣淵進化
"扭曲的天目宮
（改三副本）
（15~20血條+血海）",每日任務,任務獎勵,弒王獎章
"扭曲的天目宮
（改三副本）
（15~20血條+血海）",每日任務,任務獎勵,天目精華
"扭曲的天目宮
（改三副本）
（15~20血條+血海）",斬首任務,任務獎勵,燭魔鑄幣
"扭曲的天目宮
（改三副本）
（15~20血條+血海）",斬首任務,任務獎勵,天目精華
"扭曲的天目宮
（改三副本）
（15~20血條+血海）",斬首任務,任務獎勵,風暴遺蹟寶箱
"扭曲的天目宮
（改三副本）
（15~20血條+血海）",斬首任務,任務獎勵,融合之契
"綠林盜藏寶庫
（改三副本）
（20血條+血海）",副本掉落,材料,勇士的金幣
"綠林盜藏寶庫
（改三副本）
（20血條+血海）",副本掉落,材料,燭魔鑄靈
"綠林盜藏寶庫
（改三副本）
（20血條+血海）",副本掉落,材料,訓練師的私人藏寶箱
"綠林盜藏寶庫
（改三副本）
（20血條+血海）",副本掉落,材料,煉獄精粹
"綠林盜藏寶庫
（改三副本）
（20血條+血海）",副本掉落,材料,弒王獎章
"綠林盜藏寶庫
（改三副本）
（20血條+血海）",副本掉落,材料,時光殘券
"綠林盜藏寶庫
（改三副本）
（20血條+血海）",副本掉落,材料,燭魔泣淵精華
"綠林盜藏寶庫
（改三副本）
（20血條+血海）",副本掉落,裝備,怨恨魔玉
"綠林盜藏寶庫
（改三副本）
（20血條+血海）",每日任務,任務獎勵,燭魔鑄靈
"綠林盜藏寶庫
（改三副本）
（20血條+血海）",每日任務,任務獎勵,煉獄精粹
"綠林盜藏寶庫
（改三副本）
（20血條+血海）",每日任務,任務獎勵,勇士的金幣
"綠林盜藏寶庫
（改三副本）
（20血條+血海）",每日任務,任務獎勵,訓練師的私人藏寶箱
"喚雷峽谷
（改三副本）
（20~25血條+血海）",副本掉落,材料,燭魔鑄幣
"喚雷峽谷
（改三副本）
（20~25血條+血海）",副本掉落,材料,融合之契
"喚雷峽谷
（改三副本）
（20~25血條+血海）",副本掉落,材料,燭魔鑄靈
"喚雷峽谷
（改三副本）
（20~25血條+血海）",副本掉落,材料,勇士的金幣
"喚雷峽谷
（改三副本）
（20~25血條+血海）",副本掉落,材料,天空秘法石
"喚雷峽谷
（改三副本）
（20~25血條+血海）",副本掉落,材料,弒王獎章
"喚雷峽谷
（改三副本）
（20~25血條+血海）",副本掉落,材料,燭魔泣淵精華
"喚雷峽谷
（改三副本）
（20~25血條+血海）",每日任務,任務獎勵,燭魔鑄靈
"喚雷峽谷
（改三副本）
（20~25血條+血海）",每日任務,任務獎勵,訓練師的私人藏寶箱
"喚雷峽谷
（改三副本）
（20~25血條+血海）",每日任務,任務獎勵,勇士的金幣
"喚雷峽谷
（改三副本）
（20~25血條+血海）",每日任務,任務獎勵,天空秘法石
"喚雷峽谷
（改三副本）
（20~25血條+血海）",斬首任務,任務獎勵,燭魔鑄幣
"喚雷峽谷
（改三副本）
（20~25血條+血海）",斬首任務,任務獎勵,天空秘法石
"喚雷峽谷
（改三副本）
（20~25血條+血海）",斬首任務,任務獎勵,風暴遺蹟寶箱
"喚雷峽谷
（改三副本）
（20~25血條+血海）",斬首任務,任務獎勵,融合之契
"0號機庫
（改三副本）
（20~30血條+血海）",副本掉落,材料,燭魔泣淵精華
"0號機庫
（改三副本）
（20~30血條+血海）",副本掉落,材料,燭魔鑄幣
"0號機庫
（改三副本）
（20~30血條+血海）",副本掉落,材料,融合之契
"0號機庫
（改三副本）
（20~30血條+血海）",副本掉落,材料,燭魔鑄靈
"0號機庫
（改三副本）
（20~30血條+血海）",副本掉落,材料,勇士的金幣
"0號機庫
（改三副本）
（20~30血條+血海）",副本掉落,材料,魔能機甲
"0號機庫
（改三副本）
（20~30血條+血海）",副本掉落,材料,弒王獎章
"0號機庫
（改三副本）
（20~30血條+血海）",每日任務,任務獎勵,弒王獎章
"0號機庫
（改三副本）
（20~30血條+血海）",每日任務,任務獎勵,燭魔泣淵精華
"0號機庫
（改三副本）
（20~30血條+血海）",每日任務,任務獎勵,勇士的金幣
"0號機庫
（改三副本）
（20~30血條+血海）",每日任務,任務獎勵,魔能機甲
"0號機庫
（改三副本）
（20~30血條+血海）",斬首任務,任務獎勵,燭魔鑄靈
"0號機庫
（改三副本）
（20~30血條+血海）",斬首任務,任務獎勵,訓練師的私人藏寶箱
"0號機庫
（改三副本）
（20~30血條+血海）",斬首任務,任務獎勵,魔能機甲
"0號機庫
（改三副本）
（20~30血條+血海）",斬首任務,任務獎勵,融合之契
"三途川
（改三副本）
（20~35血條+血海）",副本掉落,材料,融合之契
"三途川
（改三副本）
（20~35血條+血海）",副本掉落,材料,燭魔鑄靈
"三途川
（改三副本）
（20~35血條+血海）",副本掉落,材料,勇士的金幣
"三途川
（改三副本）
（20~35血條+血海）",副本掉落,材料,業報之鱗
"三途川
（改三副本）
（20~35血條+血海）",副本掉落,材料,弒王獎章
"三途川
（改三副本）
（20~35血條+血海）",副本掉落,材料,燭魔泣淵精華
"三途川
（改三副本）
（20~35血條+血海）",每日任務,任務獎勵,弒王獎章
"三途川
（改三副本）
（20~35血條+血海）",每日任務,任務獎勵,燭魔泣淵精華
"三途川
（改三副本）
（20~35血條+血海）",每日任務,任務獎勵,燭魔鑄靈
"三途川
（改三副本）
（20~35血條+血海）",每日任務,任務獎勵,業報之鱗
"三途川
（改三副本）
（20~35血條+血海）",斬首任務,任務獎勵,燭魔鑄靈
"三途川
（改三副本）
（20~35血條+血海）",斬首任務,任務獎勵,訓練師的私人藏寶箱
"三途川
（改三副本）
（20~35血條+血海）",斬首任務,任務獎勵,業報之鱗
"三途川
（改三副本）
（20~35血條+血海）",斬首任務,任務獎勵,融合之契
"螺旋寺院（團本）
（改三副本）",副本掉落,材料,村尛花的材料百寶箱
"螺旋寺院（團本）
（改三副本）",副本掉落,材料,燭魔泣淵精華
"螺旋寺院（團本）
（改三副本）",副本掉落,材料,天空秘法石
"螺旋寺院（團本）
（改三副本）",副本掉落,材料,魔能機甲
"螺旋寺院（團本）
（改三副本）",副本掉落,材料,弒王獎章
"螺旋寺院（團本）
（改三副本）",副本掉落,材料,天目精華
"螺旋寺院（團本）
（改三副本）",副本掉落,材料,業報之鱗
"螺旋寺院（團本）
（改三副本）",副本掉落,材料,魔女的悔恨之淚
"螺旋寺院（團本）
（改三副本）",副本掉落,裝備,鑄靈之器
"螺旋寺院（團本）
（改三副本）",副本掉落,裝備,遠古怨恨魔玉
"螺旋寺院（團本）
（改三副本）",副本掉落,裝備,[聖器]魔宗附魂卷軸
"螺旋寺院（團本）
（改三副本）",副本掉落,裝備,[聖武]魔宗附魂卷軸
"螺旋寺院（團本）
（改三副本）",副本掉落,裝備,虎牙泣淵武器箱
"螺旋寺院（團本）
（改三副本）",副本掉落,裝備,燭魔泣淵武器箱
"螺旋寺院（團本）
（改三副本）",每日任務,任務獎勵,村尛花的材料寶箱
"螺旋寺院（團本）
（改三副本）",每日任務,任務獎勵,弒王獎章
"螺旋寺院（團本）
（改三副本）",每日任務,任務獎勵,燭魔泣淵精華
"螺旋寺院（團本）
（改三副本）",每日任務,任務獎勵,時光殘卷
"螺旋寺院（團本）
（改三副本）",斬首任務,任務獎勵,天空農場種子
"螺旋寺院（團本）
（改三副本）",斬首任務,任務獎勵,遠古魔皇的寶物箱
"螺旋寺院（團本）
（改三副本）",斬首任務,任務獎勵,暴風精氣
"螺旋寺院（團本）
（改三副本）",斬首任務,任務獎勵,勇士的金幣
"蟠桃園
（終階副本）
（40~50血條+血海）",副本掉落,材料,弒王獎章
"蟠桃園
（終階副本）
（40~50血條+血海）",副本掉落,材料,燭魔泣淵精華
"蟠桃園
（終階副本）
（40~50血條+血海）",副本掉落,材料,赤焰鱗
"蟠桃園
（終階副本）
（40~50血條+血海）",副本掉落,材料,附魂金丹
"蟠桃園
（終階副本）
（40~50血條+血海）",副本掉落,材料,燭魔鑄幣
"蟠桃園
（終階副本）
（40~50血條+血海）",副本掉落,材料,遠古魔玉結晶
"蟠桃園
（終階副本）
（40~50血條+血海）",副本掉落,材料,不滅之炎
"蟠桃園
（終階副本）
（40~50血條+血海）",副本掉落,材料,燭魔鑄靈
"蟠桃園
（終階副本）
（40~50血條+血海）",副本掉落,材料,天音魔晶
"蟠桃園
（終階副本）
（40~50血條+血海）",副本掉落,材料,天空秘法石
"蟠桃園
（終階副本）
（40~50血條+血海）",副本掉落,材料,融合之契
"蟠桃園
（終階副本）
（40~50血條+血海）",副本掉落,材料,魔能機甲
"蟠桃園
（終階副本）
（40~50血條+血海）",副本掉落,材料,業報之鱗
"蟠桃園
（終階副本）
（40~50血條+血海）",副本掉落,裝備,霸者八卦牌
"蟠桃園
（終階副本）
（40~50血條+血海）",每日任務,任務獎勵,村尛花的材料寶箱
"蟠桃園
（終階副本）
（40~50血條+血海）",每日任務,任務獎勵,赤焰鱗
"蟠桃園
（終階副本）
（40~50血條+血海）",每日任務,任務獎勵,附魂金丹
"蟠桃園
（終階副本）
（40~50血條+血海）",每日任務,任務獎勵,天空農場種子
"蟠桃園
（終階副本）
（40~50血條+血海）",斬首任務,任務獎勵,赤焰鱗
"蟠桃園
（終階副本）
（40~50血條+血海）",斬首任務,任務獎勵,附魂金丹
"蟠桃園
（終階副本）
（40~50血條+血海）",斬首任務,任務獎勵,勇士的金幣
"蟠桃園
（終階副本）
（40~50血條+血海）",斬首任務,任務獎勵,遠古魔玉結晶
"沉默的海盜船
（改三副本）
（40~60血條+血海）",副本掉落,材料,復甦之魂
"沉默的海盜船
（改三副本）
（40~60血條+血海）",副本掉落,材料,附魂金丹
"沉默的海盜船
（改三副本）
（40~60血條+血海）",副本掉落,材料,燭魔鑄幣
"沉默的海盜船
（改三副本）
（40~60血條+血海）",副本掉落,材料,遠古魔玉結晶
"沉默的海盜船
（改三副本）
（40~60血條+血海）",副本掉落,材料,不滅之炎
"沉默的海盜船
（改三副本）
（40~60血條+血海）",副本掉落,材料,燭魔鑄靈
"沉默的海盜船
（改三副本）
（40~60血條+血海）",副本掉落,材料,天音魔晶
"沉默的海盜船
（改三副本）
（40~60血條+血海）",副本掉落,材料,天空秘法石
"沉默的海盜船
（改三副本）
（40~60血條+血海）",副本掉落,材料,燭魔泣淵精華
"沉默的海盜船
（改三副本）
（40~60血條+血海）",副本掉落,材料,弒王獎章
"沉默的海盜船
（改三副本）
（40~60血條+血海）",副本掉落,材料,赤焰鱗
"沉默的海盜船
（改三副本）
（40~60血條+血海）",副本掉落,材料,融合之契
"沉默的海盜船
（改三副本）
（40~60血條+血海）",副本掉落,材料,魔能機甲
"沉默的海盜船
（改三副本）
（40~60血條+血海）",副本掉落,材料,業報之鱗
"沉默的海盜船
（改三副本）
（40~60血條+血海）",副本掉落,裝備,崑崙崖初始化石板盒
"沉默的海盜船
（改三副本）
（40~60血條+血海）",每日任務,任務獎勵,村尛花的材料寶箱
"沉默的海盜船
（改三副本）
（40~60血條+血海）",每日任務,任務獎勵,復甦之魂
"沉默的海盜船
（改三副本）
（40~60血條+血海）",每日任務,任務獎勵,附魂金丹
"沉默的海盜船
（改三副本）
（40~60血條+血海）",每日任務,任務獎勵,天空農場種子
"沉默的海盜船
（改三副本）
（40~60血條+血海）",斬首任務,任務獎勵,復甦之魂
"沉默的海盜船
（改三副本）
（40~60血條+血海）",斬首任務,任務獎勵,附魂金丹
"沉默的海盜船
（改三副本）
（40~60血條+血海）",斬首任務,任務獎勵,勇士的金幣
"沉默的海盜船
（改三副本）
（40~60血條+血海）",斬首任務,任務獎勵,遠古魔玉結晶
"青甲龍（野外BOSS）水月平原
（改三副本）丘林驛站
（80血條+血海）暗影採石場",副本掉落,材料,天空農場種子
"青甲龍（野外BOSS）水月平原
（改三副本）丘林驛站
（80血條+血海）暗影採石場",副本掉落,材料,勇士的金幣
"囚禁石室（每週100次）
（改三副本）
（60~80血條+血海）",副本掉落,材料,附魂金丹
"囚禁石室（每週100次）
（改三副本）
（60~80血條+血海）",副本掉落,材料,燭魔泣淵精華
"囚禁石室（每週100次）
（改三副本）
（60~80血條+血海）",副本掉落,材料,弒王獎章
"囚禁石室（每週100次）
（改三副本）
（60~80血條+血海）",副本掉落,材料,魔女的悔恨之淚
"囚禁石室（每週100次）
（改三副本）
（60~80血條+血海）",副本掉落,材料,時光殘卷
"囚禁石室（每週100次）
（改三副本）
（60~80血條+血海）",副本掉落,材料,村尛花的材料百寶箱
"囚禁石室（每週100次）
（改三副本）
（60~80血條+血海）",副本掉落,材料,禁徒徽記
"囚禁石室（每週100次）
（改三副本）
（60~80血條+血海）",副本掉落,裝備,泰天王陵初始化石板
"囚禁石室（每週100次）
（改三副本）
（60~80血條+血海）",每日任務,任務獎勵,村尛花的材料寶箱
"囚禁石室（每週100次）
（改三副本）
（60~80血條+血海）",每日任務,任務獎勵,禁徒徽記
"囚禁石室（每週100次）
（改三副本）
（60~80血條+血海）",每日任務,任務獎勵,附魂金丹
"囚禁石室（每週100次）
（改三副本）
（60~80血條+血海）",每日任務,任務獎勵,天空農場種子
"囚禁石室（每週100次）
（改三副本）
（60~80血條+血海）",斬首任務,任務獎勵,天空農場種子
"囚禁石室（每週100次）
（改三副本）
（60~80血條+血海）",斬首任務,任務獎勵,附魂金丹
"囚禁石室（每週100次）
（改三副本）
（60~80血條+血海）",斬首任務,任務獎勵,勇士的金幣
"囚禁石室（每週100次）
（改三副本）
（60~80血條+血海）",斬首任務,任務獎勵,崑崙崖初始化石板
"囚禁石室（每週100次）
（改三副本）
（60~80血條+血海）",斬首任務,任務獎勵,不滅金舍
"紀律迴廊（每週100次）
（改三副本）
（60~80血條+血海）",副本掉落,材料,附魂金丹
"紀律迴廊（每週100次）
（改三副本）
（60~80血條+血海）",副本掉落,材料,燭魔泣淵精華
"紀律迴廊（每週100次）
（改三副本）
（60~80血條+血海）",副本掉落,材料,弒王獎章
"紀律迴廊（每週100次）
（改三副本）
（60~80血條+血海）",副本掉落,材料,魔女的悔恨之淚
"紀律迴廊（每週100次）
（改三副本）
（60~80血條+血海）",副本掉落,材料,時光殘卷
"紀律迴廊（每週100次）
（改三副本）
（60~80血條+血海）",副本掉落,材料,村尛花的材料百寶箱
"紀律迴廊（每週100次）
（改三副本）
（60~80血條+血海）",副本掉落,材料,紀律之戒
"紀律迴廊（每週100次）
（改三副本）
（60~80血條+血海）",副本掉落,裝備,泰天王陵初始化石板
"紀律迴廊（每週100次）
（改三副本）
（60~80血條+血海）",副本掉落,裝備,遠古龍麟
"紀律迴廊（每週100次）
（改三副本）
（60~80血條+血海）",每日任務,任務獎勵,村尛花的材料寶箱
"紀律迴廊（每週100次）
（改三副本）
（60~80血條+血海）",每日任務,任務獎勵,禁徒徽記
"紀律迴廊（每週100次）
（改三副本）
（60~80血條+血海）",每日任務,任務獎勵,附魂金丹
"紀律迴廊（每週100次）
（改三副本）
（60~80血條+血海）",每日任務,任務獎勵,天空農場種子
"紀律迴廊（每週100次）
（改三副本）
（60~80血條+血海）",斬首任務,任務獎勵,天空農場種子
"紀律迴廊（每週100次）
（改三副本）
（60~80血條+血海）",斬首任務,任務獎勵,附魂金丹
"紀律迴廊（每週100次）
（改三副本）
（60~80血條+血海）",斬首任務,任務獎勵,勇士的金幣
"紀律迴廊（每週100次）
（改三副本）
（60~80血條+血海）",斬首任務,任務獎勵,崑崙崖初始化石板
"紀律迴廊（每週100次）
（改三副本）
（60~80血條+血海）",斬首任務,任務獎勵,不滅金舍
